Fecha,Índice de precios Lima Metropolitana (var% mensual) - IPC,Índice de precios Lima Metropolitana (var% mensual) - IPC Transables,Índice de precios Lima Metropolitana (var% mensual) - IPC No Transables,Índice de precios Lima Metropolitana (var% mensual) - IPC Subyacente,Índice de precios Lima Metropolitana (var% mensual) - IPC No Subyacente,Índice de precios Lima Metropolitana (var% mensual) - IPC Alimentos y Energía,Índice de precios Lima Metropolitana (var% mensual) - IPC Sin Alimentos y Energía,Índice de precios Lima Metropolitana (var% mensual) - IPC Alimentos y Bebidas,Índice de precios Lima Metropolitana (var% mensual) - IPC sin Alimentos y Bebidas,Índice de precios Lima Metropolitana (var% mensual) - IPC Subyacente Sin Alimentos y Bebidas,Índice de precios Lima Metropolitana (var% mensual) - IPC Importado,Índice de precios Lima Metropolitana (var% mensual) - Índice de Precios al por Mayor,Tasas de interés del Banco Central de Reserva  - Tasa de Encaje,Tasas de interés del Banco Central de Reserva  - Tasa de Referencia de la Política Monetaria,Emisión primaria y multiplicador (millones S/) - Circulante Desestacionalizado,Liquidez internacional del BCRP - RIN - Reservas Internacionales Netas (millones US$),Remuneraciones - Remuneración Mínima Vital - Índice Real (base 1994 = 100)
2003-10-01,0.0490321174092103,-0.0350554234083926,0.09615272590335,-0.0400377367920376,0.16472984032252,0.193698944823085,-0.070649457026636,0.198412698412823,-0.0400029896000498,-0.132041292105733,0.183696563634084,0.171748934697275,10.3499444005604,2.75,0.010225493786262252,0.005542214069908846,0.056953017923109694
2003-11-01,0.167684500456277,0.243528573873938,0.120950044650392,0.125742291028395,0.237965739458738,0.256361440905236,0.00598762611438288,0.396039603960271,-0.0823934389466726,0.0889297048622955,0.166302341338797,0.190676401582043,11.6906076799113,2.5,0.011444806359083515,0.050288348774020886,-0.001674037902471004
2003-12-01,0.563950788732549,0.594506710716127,0.534926476509417,0.127343467567935,1.19690740186251,0.898518706995401,0.231768087834443,0.986193293885644,0.242504612742305,0.0780038045258791,0.306232787482641,0.649838040524471,11.3911780648162,2.5,0.01660710694037637,-0.010532468004586515,-0.005607882191473457
2004-01-01,0.53744744109991,0.265542769109856,0.70850894953674,-0.0558338893055634,1.37906691628116,1.13240283947265,-0.141462465245414,1.07421875000002,0.0765506662113407,-0.081011520436044,3.49416564712391,0.545589759866595,10.6340298884779,2.5,0.019489990994957074,0.03623310162470883,-0.005345743847484208
2004-02-01,1.08608494836444,0.987935287036086,1.16537471543532,0.23916579608024,2.32239468665441,1.88197346394229,0.15095206262011,2.02898550724645,0.250387040299554,0.19229684044876,2.25326989929097,1.27442540182491,10.7182950603118,2.5,0.017002527731173833,-0.005742569142382248,-0.010744158792175718
2004-03-01,0.460448535433247,0.802253050706464,0.231706685356445,0.299988697511583,0.695887589192265,0.569242727581582,0.265628493071297,0.473484848484683,0.392786105537169,0.396947929476985,0.553128431002548,0.985334179121936,10.2072768102448,2.5,0.022076483035349703,-0.008751351310997357,-0.0045833812425245535
2004-04-01,-0.0227700751417853,0.344097049545235,-0.291460264420421,0.0451665855636938,-0.139407058240525,0.0382238700885604,-0.109038390463586,-0.0942507068802688,0.0306560177996246,-0.141694144707167,0.388876368909999,0.602572276984116,10.0587013909025,2.5,0.021821669221439022,0.0057546188671246945,0.00022775261085916654
2004-05-01,0.353844717142609,0.499624046453175,0.254771108200377,0.170376187845882,0.615527905880822,0.642635124697072,0.0468804595176831,0.660377358490718,0.111894683037718,0.0648425121858285,0.540408714854962,0.646557934116551,10.3650488886592,2.5,0.0286226101994016,0.0336909103416525,-0.003525970710338666
2004-06-01,0.563807028141432,0.485339635011669,0.636813197160427,0.15044039109039,1.1689026362368,1.05434206051496,-0.0307972269428869,1.03092783505138,0.138700266315972,-0.0156149712547234,0.667068449319257,0.626789766887315,11.155937726367,2.5,0.012247972358272907,0.002865877565568331,-0.005606460662173629
2004-07-01,0.19310861236674,0.316056649736484,0.0974033154744072,-0.00325122035163179,0.451403444768817,0.264659566230377,0.0927188955657041,0.0927643784788133,0.2740049135479,-0.0709277057980598,0.629066565057756,0.213009448876154,12.4785305242137,2.5,0.007970678616386895,0.018587686149079685,-0.0019273642173724959
2004-08-01,-0.00954063793150069,0.274754583555465,-0.2120163552357,0.107478082048366,-0.176664108521797,-0.0616552069403227,0.0571018203626166,-0.148285449490326,0.119777535166451,0.049816236859344,0.210934313992234,-0.181846075814542,11.0031447940749,2.75,0.0016424309916576174,-0.008515404381656877,9.541548256231103e-05
2004-09-01,0.016689712460702,-0.0323085048375379,0.0519188637984356,0.0218482284842761,0.0107284828198084,0.0788034169179378,-0.0340210426992799,-0.0371264154446485,0.0875697801090542,-0.144771045127307,0.219870243474074,0.0995643691585317,9.79575167249491,2.75,0.03663153124516505,0.02045196985619735,-0.00016686927460762835
2004-10-01,-0.0237470889112576,0.294537124494701,-0.238578961329028,0.109980555408253,-0.197280385147139,-0.31430468731529,0.276680697014146,-0.649953574744629,0.499107962264241,0.255478154993068,0.962700349358214,-0.0198818108289994,9.93580576416647,3.0,0.022797936628174753,0.08753108179435687,0.00023752729493287106
2004-11-01,0.287008149265566,0.474981764740583,0.14255378355315,0.11867420173901,0.504139062328572,0.251347719484604,0.355894779948171,-0.373831775700987,0.904141795227958,0.0784618179791067,1.09131183789658,0.349848295684326,9.13248713228398,3.0,0.0200811480630676,0.014108953598653384,-0.002861867699140097
2004-12-01,-0.00935542020600377,0.0443469180932342,-0.0551767543887298,0.0155650255459119,-0.0547939066236096,-0.102295401487196,0.154630935194061,-0.0938086303939635,0.109119672505527,-0.0826930764439885,-0.174087702118904,-0.348843967985627,9.99051988942136,3.0,0.025998702621055747,0.023795136197616307,9.356295527029879e-05
2005-01-01,0.100149504761279,-0.215944125600547,0.343789741119835,0.102379822599423,0.124790610673545,0.223476862434736,-0.0548695541988584,0.469483568075137,-0.232220397382032,-0.0156423324260315,-0.475864572531257,0.355476664989813,9.31058194949794,3.0,0.02312355254167775,0.039108455047682567,-0.0010004930587689254
2005-02-01,-0.2346203515206,-0.121402423475835,-0.317579659040075,-0.00113296338419613,-0.562480869775616,-0.39102575743475,-0.03983708371053,-0.373831775700987,-0.106428987327073,-0.0227855391086897,-0.189932902489239,-0.349834058944936,8.91552852616557,3.0,0.02228216703355934,0.01546666666666674,0.002351721131589324
2005-03-01,0.650196153407443,0.257113212966732,0.925435981009154,0.354023908067436,1.05975763057622,0.801167698130484,0.408784559631678,0.844277673546039,0.427358598412238,0.567807486846847,0.305010590754653,0.330827829466266,8.88611081060213,3.0,0.018802825763763575,0.017031812725090134,-0.006459959128311543
2005-04-01,0.118823702025535,0.208264450502192,0.0615268964349441,0.061595458031663,0.205491155237891,0.273967586490608,-0.0367331222863096,0.186046511627855,0.0871639264897008,0.00996566388138713,0.300668275053812,0.117909726796606,9.18302020453614,3.0,0.025102095782753242,0.00545924013279242,-0.0011868267887240602
2005-05-01,0.12633045900575,0.294318818678001,-0.00929820071016049,0.157845235887468,0.0555385808557942,0.0993127075002722,0.178346796569011,0.278551532033511,0.00615294822289452,0.194640525516343,0.0827452923357505,0.247259308003707,9.48836756286253,3.0,0.028750450793467053,0.028395333480079277,-0.0012617106651862109
2005-06-01,0.263742227071237,0.125826416495622,0.385518515255998,0.046337698770168,0.601234061972727,0.568925424088095,-0.132817384130132,0.462962962962982,0.0641680117685062,-0.079711347228956,0.251354369724538,0.213005722877215,9.84816848681634,3.0,0.02522397557503364,-0.014126712328767166,-0.0026304845721162318
2005-07-01,0.104611293091209,-0.361804506103306,0.434615574432247,0.0600138621556204,0.169472777289124,-0.0225140393115239,0.216162168722471,0.184331797234959,-0.00545436828970718,0.166656627654704,-0.773667396918214,0.0396134075403229,10.8921658343438,3.0,0.020155675709270238,0.10602113185699813,-0.0010450197222716673
2005-08-01,-0.179605723612108,0.205891995238414,-0.464594064437681,0.0120942958919934,-0.465893652556995,-0.306425228243544,0.0415178952312237,-0.643974241030314,0.296215110753362,0.0732259471743726,0.92071190840625,0.46380631703598,9.97055335628208,3.0,0.017666948013411954,-0.10848655368710336,0.001799288861903392
2005-09-01,-0.0942785605012846,0.273881959511821,-0.352675766055772,-0.0337774101048974,-0.178096764784866,-0.22261782375629,0.0277004980694441,-0.740740740740857,0.454810795967744,0.0612057310158161,1.24500146425026,0.740285306824232,10.0011055375802,3.0,0.012434958366885684,0.005137614678899061,0.0009436752884905975
2005-10-01,0.144780473631634,0.162928416728897,0.148635029844604,0.101418857516139,0.227955580444752,0.107171346718432,0.167456691870178,0.0,0.253191187075552,0.260080677988654,0.450018813977106,0.553279629869297,9.28292931649162,3.0,0.019634611396136314,-0.01080686381891205,-0.0014457116281709759
2005-11-01,0.0680447024625712,0.20119834869998,-0.0308391592135816,0.128517697584888,-0.0222653167444943,-0.0967282745038954,0.29156879139778,-0.0932835820895197,0.229761231986432,0.153696945056466,0.275963507173994,-0.0501873128954705,9.22842401578731,3.0,0.007616925307759592,-0.00029526832509041423,-0.0006799843313103349
2005-12-01,0.41922503429934,0.057970289267305,0.657220130115944,0.235099800010043,0.649226462541922,0.498784843077361,0.289230032142826,0.560224089635855,0.266792507104306,0.247678782843907,-0.218674066431015,0.88219910565287,9.26077066269383,3.25,0.019379887934251716,0.040906741490068566,-0.004174748751111235
2006-01-01,0.499608846028134,0.00800495256286898,0.847187205054255,0.132626265041242,1.00737466395493,0.956663264814926,-0.0207260469332095,1.11420612813368,-0.0124819907011992,0.0129320806375037,-0.0674396203057804,0.485431627067205,9.56018220217793,3.5,0.017255350862605212,0.002979357310066044,0.08155298733989635
2006-02-01,0.548277704216064,0.190367849221985,0.819845923650037,0.0944254175624769,1.19817399041758,0.989580456273715,-0.0070703902080742,1.19375573921043,-0.0390237978484084,-0.0288111279293846,-0.10146980859057,-0.186514651798834,9.42184008766983,3.75,-0.004828093729492444,-0.010608953957139788,-0.005452880116245118
2006-03-01,0.457162631141614,0.42353308805095,0.472655230347369,0.405365946123147,0.516224449253553,0.551885451007834,0.388748815828866,0.635208711433712,0.338037202329262,0.481457813565659,0.121854284699864,0.377964065252755,9.47751751076775,4.0,0.016138795768058323,0.03452712845807415,-0.004550821655397996
2006-04-01,0.510007190746034,1.14920745859173,0.0538328095234909,0.0759152588052249,1.07648492434266,0.718240677922962,0.210133023885167,0.811541929666271,0.20183700553318,0.225723394216612,0.628347097609241,0.426626300840695,9.84450150420507,4.25,0.007159531656497853,0.0014510779436152088,-0.005074193157485807
2006-05-01,-0.527951846100242,-0.00882555437962262,-0.881607749974158,0.0518547206115736,-1.28833375680885,-0.856776768001349,-0.0720037323107766,-0.805008944543735,-0.236844374669697,-0.110148638457523,0.662215225170579,-0.211208756685517,9.86173025147523,4.5,-0.00681896887392186,-0.017801697371144676,0.005307539714911824
2006-06-01,-0.132537237586119,0.135705964427406,-0.311661092928586,-0.00230840837758858,-0.294449237382507,-0.144231380671465,-0.155250272113342,-0.270513976555537,-0.0391842573495392,-0.134771306422352,0.0921848745995667,0.130263471801856,10.3661377375723,4.5,0.012013489496881746,0.012644889357218192,0.0013271313190503786
2006-07-01,-0.17044035636352,-0.211644985821144,-0.164393481582014,0.0467745772128555,-0.497120230496508,-0.600987662964976,0.342509823723827,-0.723327305605724,0.312041057941654,0.267497540030088,-0.0398268452664676,-0.0933528762571677,10.9277877773441,4.5,0.014356300085080376,0.015469996531390917,0.0017073135148761853
2006-08-01,0.13934667530607,-0.0356963137686193,0.268694095494938,0.13124177897037,0.157614663400617,0.142182344683106,0.121233382611844,0.0910746812385838,0.170086707681481,0.199657782783567,0.205153204629447,0.197345688432441,9.78131126298561,4.5,0.01630080989745064,0.05062166962699832,-0.0013915277054713515
2006-09-01,0.0273681222498222,-0.0958245826144967,0.114448027820141,0.0829099284021436,-0.0484075272861689,0.0573082554013501,0.0366766858191168,0.0909918107370019,0.00965145781572374,0.00627845723360053,-0.0951720790599488,0.150514065387543,9.40106707947963,4.5,0.019092796663364275,-0.013459912868196922,-0.00027360634157669317
2006-10-01,0.0437894195875647,-0.567608151675223,0.487151316272426,0.0583433108737934,0.0405659851000257,0.0428525413455334,0.0285715004060676,0.272727272727368,-0.174970322193354,0.0596336253164179,-0.671723823056452,0.0614819522021572,9.29705045051053,4.5,0.017335207381714568,0.03302135512786708,-0.00043770252847830093
2006-11-01,-0.282155165945056,-0.0991071226686636,-0.411040106364013,0.131416323931399,-0.848565921287021,-0.611298034378427,0.13349666348825,-0.543970988213962,-0.0370262497344945,0.10821477889601,-0.217761227983477,-0.197189985406545,9.25688997002771,4.5,0.02026126581583365,0.05104319530402601,0.002829535339578637
2006-12-01,0.0258117661108955,-0.115936719470735,0.11099011930321,0.148888531686277,-0.163672419399181,-0.184247955722463,0.268014941171388,-0.0911577028258569,0.118629036143174,0.191303229669209,-0.235916586807355,0.188108623235129,10.0495398442053,4.5,0.02100277007611928,0.04868572816123362,-0.00025805105357246116
2007-01-01,0.00942787065693368,0.0429085370564315,-0.00797024217461296,0.0966411517648262,-0.102835048505501,0.131037109361588,-0.169770803307252,0.182481751824754,-0.172063861340641,0.0337832666258054,0.258634823148296,-0.341881527826222,8.97487700494481,4.5,0.027225953390507263,0.03322720694645431,-9.426981893245756e-05
2007-02-01,0.25946729961008,0.131960168823181,0.349931513482835,0.257888683575024,0.263520087177386,0.383840860076369,0.16724287704138,0.546448087431694,0.0530296245627173,0.166055555605474,-0.341218745681454,-0.481036872230154,8.87765523227276,4.5,0.023111626588539824,0.016079332175471972,-0.00258795809112633
2007-03-01,0.348835470333003,0.112932359439643,0.522924424384606,0.334314326704593,0.382368721608398,0.39302054553459,0.241201527769883,0.452898550724657,0.209177267284611,0.533298056249384,0.144594765749551,0.412043834714166,8.78434648551059,4.5,0.01480103749576167,0.016045434494927235,-0.0034762283856915044
2007-04-01,0.178206800195308,0.440416051863912,-0.0116949123793315,0.127722765088167,0.237264300459721,0.237444798083727,0.150771829008358,0.270513976555361,0.133396570857313,0.0804693878485169,0.144741355973085,0.304587878799148,8.62396727844235,4.5,0.014528279772454633,0.06930048298692126,-0.0017788978849526682
2007-05-01,0.491871629879991,0.638124412409083,0.379013434764405,0.0862047118532211,1.03823434925325,0.856684542074074,0.0534394117727487,0.719424460431768,0.29274627391359,0.127598799028729,1.35475215133286,0.878205247138117,9.0497652837141,4.5,0.021268554126570915,0.07952699959399112,-0.0048946409485898235
2007-06-01,0.469692062317829,0.347258053129482,0.555958131091581,0.166940340580082,0.88565421996222,0.83869700415466,0.0456366139153999,0.44642857142859,0.516963939202523,0.0360175418652514,1.69322903446449,1.25629276524236,8.98373164744265,4.5,0.021972558852890733,0.012082177612712242,-0.004674962694487861
2007-07-01,0.475545229813074,0.265904892292357,0.644797664268623,0.225333162671514,0.847996639172667,0.62494563394463,0.221916624376998,0.711111111111049,0.204103852096678,0.207721318303378,1.80478255943278,0.75490811626723,8.94526044698103,4.75,0.011045006395472345,0.08384429580081765,-0.004732945003934397
2007-08-01,0.136907638047225,0.388368286349714,-0.0602423502956296,0.307342412591302,-0.124550704912204,0.219356403696756,0.0516973101707506,0.176522506619532,0.115782625600572,0.118900148111623,0.68666502772403,0.648645289282706,9.32473349960874,4.75,0.029760495872450887,0.03154330776153946,-0.0013672045729831162
2007-09-01,0.612500624383494,0.237120597911798,0.879709995871125,0.187722079458824,1.19655205825188,0.98721081366825,0.108192829734175,1.14537444933934,0.0958589478519082,0.109000262174685,1.36244078433773,0.62620816859755,8.39602787699219,5.0,0.01896525205495725,-0.05160164526984923,-0.006087718927392016
2007-10-01,0.314014669403244,0.53198487750111,0.166797404124409,0.345758646619008,0.276995864837769,0.543475605247012,0.0904097038518906,0.609756097560945,0.0972659079691937,-0.0225252426471048,2.20472065422257,0.114493251340182,8.5992650216756,5.0,0.026964504678543832,0.09037543260174363,0.056681863938309984
2007-11-01,0.111007166747877,0.690851180782328,-0.278685129259419,0.590940942224056,-0.515268708049239,0.0982962868174,0.114413135141161,0.0865800865800563,0.122844780599252,0.19837701788496,0.491497332357585,0.222254909386203,8.26667301784684,5.0,0.019413896656777174,0.05857774206508637,-0.001108840774751041
2007-12-01,0.453104937624353,0.409374238937351,0.469663142274986,0.340329726412523,0.586918167212527,0.444356235448797,0.401612051468336,0.5190311418685,0.338905388811224,0.287815017618924,0.225045437712077,0.732846329171752,9.73533324087828,5.0,0.02540168805673848,0.05089570365872165,-0.004510611572490775
2008-01-01,0.222046237637442,0.507096574594256,0.0179735354111957,0.252568073503778,0.175555325588383,0.518769942816015,-0.0917840488479222,0.602409638554187,-0.0780622646508576,-0.047376633606149,0.504440707251312,0.276115365662363,8.47596538456782,5.25,0.01557566327121429,0.11007981508902454,0.03543670081931416
2008-02-01,0.907018256710701,0.427342303234974,1.23933729379835,0.357547162313718,1.64455583198881,1.54354050060795,0.0517374370794908,1.7964071856288,0.0388650988018654,0.22688215174751,0.485294299319109,1.12304094432144,9.81345929849397,5.25,0.03806697295421091,0.05104597065426031,-0.008988653835784288
2008-03-01,1.04185066180591,0.387303328959609,1.50495497648593,0.546734254676232,1.71210042809625,1.52898821579759,0.446104094653807,1.76470588235284,0.384075684326192,0.436131677144119,0.413921853210824,0.817691010141868,9.05250597360972,5.25,0.030838786643803795,0.03931158298768023,-0.010311080557034558
2008-04-01,0.154220132610723,0.390939462066336,-0.0164758024780467,0.401885527867634,-0.183335774718112,0.205240148579653,0.111659163660609,0.247729149463329,0.0846820085037547,0.129213214798646,0.638366228656733,0.285240259327922,12.0038907733631,5.5,0.03603822603890405,0.06102573266619005,-0.001539826603477512
2008-05-01,0.369491179954231,0.947987553248843,-0.0268259297580576,0.464919384267103,0.250880622041529,0.427689524890013,0.255871357313014,0.741350906095627,-0.0211342063045259,0.312843132016439,0.13361422566048,1.18810453654574,13.5924449287886,5.5,0.01789518011956126,-0.02150175438596491,-0.003681309684951617
2008-06-01,0.769602394432851,0.634218921860775,0.861761688453438,0.545585283052569,1.0649971869936,1.13324606064112,0.30450231133846,0.981193785772678,0.573617286935385,0.356398809102879,1.1256957745023,1.69305720998571,13.8567399133011,5.75,0.013576949234889168,0.018904730485670873,-0.007637247504660882
2008-07-01,0.555471918982357,0.314179761911752,0.728295107935657,0.397032675674216,0.771173041858158,0.730317623981271,0.322445933793247,0.663967611336001,0.447839819754826,0.248526447380282,0.435968635242905,1.09427890555745,12.6226810811728,6.0,0.003721746444004248,-0.019004448448673883,-0.005524034728116467
2008-08-01,0.590485120627808,0.382429085992791,0.740322887450773,0.55280267299562,0.646643953406385,0.676212988784108,0.495547476952133,0.707850707850744,0.491658431357925,0.35985852818107,0.205796804468541,1.394933813561,11.4728760740044,6.25,0.0050086178100472445,0.0021238125304938738,-0.005870188615946459
2008-09-01,0.567201348170299,0.171724716933082,0.840569283093375,0.352252273450803,0.849271654362486,0.305514351447232,0.871039734079899,0.399361022364089,0.694394751228457,0.322656349284972,0.154021356183594,1.23311724562008,10.7876011054917,6.5,0.01759613717302755,-0.00615745911733534,-0.0056400231941106105
2008-10-01,0.613128730631335,0.521591378187862,0.670127973337824,0.562493934930838,0.671236086964909,0.705160378604944,0.51803124765556,0.5404136833732,0.706765319467756,0.406621452266555,0.312368022427364,0.313950573415039,11.862506253031,6.5,0.003966183227424036,-0.07979367183447639,-0.006093923709230342
2008-11-01,0.309023518807206,0.0358567340752122,0.49725713271258,0.593327960357047,-0.0655255455812645,0.14622759987735,0.496107836904787,0.0955061469718531,0.493176682962416,0.435520724247635,-1.03672139120968,-0.133483147769746,10.084114118979,6.5,0.006653338408811438,-0.03015689099051133,-0.003080715054006533
2008-12-01,0.360223443699306,-0.238629293041054,0.773059768409441,0.399381201426599,0.310284298184441,0.352889322139475,0.393719824206385,0.766798418972343,-0.0146217293219089,0.270469194760181,-1.17256572974111,-0.806112860533467,12.516334174122,6.5,-0.005560794574124728,0.00729738456570872,-0.003589304919205949
2009-01-01,0.105779087549192,-0.707808146078381,0.668843358188922,0.347349110826739,-0.201051828625623,0.22753758616816,-0.0073703341091383,0.964932925394078,-0.69518055395859,0.106152117314686,-2.6910852515406,-1.5068710218001,9.83360754732225,6.5,0.003131893114617812,-0.03519682010514169,-0.0010566731362895432
2009-02-01,-0.0747867011977923,-0.712465025237344,0.354885756882776,0.459683611153615,-0.784633856940798,-0.404197993015353,0.347299779144505,0.233100233100315,-0.392796326719268,0.454778816009362,-3.03637612339848,-1.54802467665297,8.2919723127372,6.25,0.001247999814633305,-0.022792212107116794,0.0007484267356403507
2009-03-01,0.360219096293319,-0.156895221240947,0.698311271655985,0.465762046992314,0.210526440942807,0.1870318562645,0.555390558135921,0.232558139534943,0.460407148265384,0.797260238056051,-0.74360072569964,-0.498114565361524,8.82837359466158,6.0,0.00020577180166814202,0.05157758737930096,-0.0035892617566658513
2009-04-01,0.0190113387638141,0.2246864013125,-0.10577124911855,0.153053197185959,-0.147382123053742,-0.0551830282373038,0.132906927516083,0.0,0.0526859791239297,0.10488385484265,-0.246282579231014,-0.704619987171027,8.8776399503982,5.0,-0.006444404620069122,0.00484981732354739,-0.0001900772514108473
2009-05-01,-0.0430059879071317,0.210085518600718,-0.227301470403801,0.169327141830266,-0.355616801643026,-0.0964795210812968,0.0112250857197433,-0.130703789636526,0.0311507368568405,0.137597517516866,-0.329558229053413,-0.68074074108659,8.22146967540043,4.0,0.003148844837117748,0.0035393674185140167,0.00043024491014742594
2009-06-01,-0.339576397635527,0.0732054676898654,-0.61285960184485,0.155273031569103,-1.0141353198326,-0.676164476023578,0.0984473644622921,-0.723761141786232,0.0431569003362147,0.160128436010856,0.0683736283317895,-0.379527315592998,8.37258648376245,3.0,0.011951904029301463,-0.012792971881111947,0.0034073344800349403
2009-07-01,0.186688283246876,0.0646692571695564,0.268613099230708,0.0825779783181254,0.331062839481238,0.201933866579347,0.166432362377787,0.218180853752407,0.155042101369407,0.0869148714560414,0.0993672578205432,0.0504134410015456,9.3340612076001,2.0,0.01569014672640945,0.04218902240987332,-0.001863404075389541
2009-08-01,-0.207404080346908,0.0598964935155914,-0.385146287950872,0.118103791748994,-0.655140795078926,-0.366466601009932,-0.0022904255703628,-0.272190703173563,-0.143782933071384,0.117577313341696,-0.149616845308379,-0.420397438307995,7.80579700395871,1.25,0.01247885616317923,-0.004175885817569891,0.002078351389055655
2009-09-01,-0.0871865178354843,0.239634592793263,-0.306144826476863,0.164130486981164,-0.436274564949092,-0.186204304412803,0.0408088549444806,-0.218690293335275,0.0432380398390869,0.0569529094199999,0.111461354270002,-0.0592234965633565,8.56548050070261,1.25,0.009182989976006528,0.005476451259583737,0.0008726259905695866
2009-10-01,0.122626055714729,0.111009008677976,0.130473467153195,-0.0200960344825427,0.321942085205651,0.245143570802691,-0.0349165602030089,0.359650893026188,-0.111243513544201,-0.0667924056786794,-0.111609364837253,0.160641956678403,8.0541580411717,1.25,0.00953418706629705,0.024587612822907,-0.0012247586838809443
2009-11-01,-0.112067511656828,0.163806217049123,-0.297850811843084,0.157181599907407,-0.486944818185249,-0.251151840971358,0.0675821028340219,-0.290711268374144,0.065292135694322,0.0899606459613319,-0.0115869758626638,-0.0674835123358835,7.59172124459124,1.25,0.019747695719815495,0.015431348724179728,0.0011219324383320295
2009-12-01,0.317106553518078,-0.0639598410497932,0.574603907162946,0.0693854062453645,0.66389537596796,0.315856508427141,0.318854243454589,0.201355396965572,0.431568501568086,0.101184351875105,0.678205336067904,0.501008302785346,9.34554991623123,1.25,0.01644570405696899,-0.008765107095847768,-0.003161041664900388
2010-01-01,0.295916358843193,0.423034952869215,0.220724401521427,0.211859167015188,0.454268415819967,0.750210284942953,-0.0535558310353771,0.657873041072468,0.0754080882645525,0.0381887401526388,0.89849920738876,0.815586143186152,7.59672417483289,1.25,0.01618183731732703,0.036426739097630945,-0.0029504327751910253
2010-02-01,0.322508087876127,0.356826144187738,0.30109983697663,0.169595232707523,0.607520014983425,0.741679200485316,-0.00253860453179608,0.685211517160291,0.100258826814184,0.0145514098639198,0.174418852080289,0.0680719681784669,7.21609029844799,1.25,0.01806332176760206,0.01945140061731987,-0.0032147131687916275
2010-03-01,0.280812098247149,0.397741211124821,0.21286523787525,0.32823031065025,0.195011464547856,0.295777335436297,0.26912094954531,0.325904710945954,0.253019794370164,0.413331644527858,-0.0172150305476865,0.261712941736783,7.60548480935954,1.25,0.015108188162465286,0.007397886318194713,-0.002800257520573668
2010-04-01,0.0253574343372818,0.409415572917103,-0.204107992579927,0.226555895871077,-0.35241324348194,-0.0667976862819376,0.0973701474712372,-0.149562997106085,0.133245973258838,0.219194638525064,0.123843182223898,0.235672289899516,7.18925913390464,1.25,0.02216682989890084,-0.006237772548130072,-0.0002535100597241824
2010-05-01,0.237859799840972,0.361666367432478,0.163854010667718,0.137595550501339,0.426755076587078,0.321207776827947,0.172836016924119,0.385411720100352,0.147108822074208,0.058223237470953,0.745886837389076,0.806272795132392,7.15722484746346,1.5,0.024658187975470147,-0.012525321692487656,-0.0023729536954999464
2010-06-01,0.25084872902545,0.0349620919155603,0.37925068781551,0.131728766552006,0.472182560094535,0.510010600990935,0.0483646270639122,0.567919683188255,0.0553719856439803,0.0919192001407711,0.105530086146763,0.106552619517709,7.76593144164593,1.75,0.020276807908435668,0.021121063276509755,-0.0025022105269491
2010-07-01,0.363955387679499,-0.068817117781893,0.622563236409466,0.0772762153164936,0.899426777565275,0.587691252860736,0.188343121256001,0.485857487880943,0.288416796790429,0.0804252206054487,0.390685863754595,0.0125086514335074,9.37919749821332,2.0,0.019074015431427505,0.09320619110947614,-0.0036263555603592845
2010-08-01,0.268515340301766,0.166092116351299,0.330327994311688,0.236839964679151,0.328984675281677,0.571234353508048,0.0299613761196011,0.701439808423643,-0.000281395687070797,0.11497779243295,0.00732820253056443,0.365173174974399,8.59443971286075,2.5,0.016023984312181883,0.040610845088650205,-0.002677962662458122
2010-09-01,-0.0320081184717505,-0.00695269305188218,-0.0468523933059605,0.137435211851262,-0.345869465488636,-0.0845626984018215,0.00963100982663161,-0.128520344005665,0.0283354642050805,0.118125223242211,0.1644706704369,0.224441706661359,8.83544494677625,3.0,0.01636085946199084,0.05621331210824798,0.00032018366948438626
2010-10-01,-0.141721635707217,0.238206897621422,-0.367342855522398,0.172042309982648,-0.726160542486151,-0.514585476742523,0.153420742611249,-0.679294804097595,0.193865100252151,0.126783736347736,0.295918561849262,0.15609497753449,11.1239765739606,3.0,0.024290657225523482,0.01158628485305191,0.0014192277097966333
2010-11-01,0.00790540581414174,0.21775256663771,-0.1173273678741,0.0455291650889828,-0.062719233607383,0.0290724760063781,-0.00873772268836353,-0.199493232164133,0.136248281871791,0.0460837376515259,0.543969695531502,0.893556207725329,10.6336051012907,3.0,0.0238558346619151,0.026725020951671397,-7.904780909162579e-05
2010-12-01,0.178465894473198,0.290147094666632,0.11249960162762,0.225097592319489,0.0924394328629134,-0.192771769773725,0.470471439291771,-0.256345761367783,0.446634834465926,0.196638923131582,0.288138284773749,0.53414294783666,16.4558322981118,3.0,0.015116182239341303,2.2673680391882556e-05,0.052666803319090016
2011-01-01,0.390436430112132,0.562894910119989,0.285225264684144,0.185839623751179,0.772515293238753,0.951043012632297,-0.0476107703653673,0.516484994220047,0.313240379165584,0.0682724391588277,1.00479637103567,0.974157716475002,12.7040646458697,3.25,0.012799492808810653,0.00920530552091603,-0.0038891795274145213
2011-02-01,0.38232131500092,0.0470740722898545,0.585659504305025,0.211835578934069,0.704397342296365,0.647170887577103,0.173305314494619,0.982203047924921,0.0141907711939489,0.142613811383356,0.466811126049322,0.635384164257709,12.2739932429274,3.5,0.005363737206461439,0.0394733886005707,0.030542773935732015
2011-03-01,0.70246827579307,0.341257042348673,0.918346582150898,0.595421613916605,0.9013788469695,1.16301022880832,0.337294893360417,1.37484341668617,0.285856943525553,0.587454732697746,0.486495988207402,0.666639971775906,11.6531186750104,3.75,0.007948507239175395,-0.0030474626091466783,-0.006975680813195995
2011-04-01,0.680913006312609,0.702561130748988,0.668547194833245,0.400329177305597,1.20289377009916,1.13949724587167,0.314299540649061,1.20634102271465,0.351816582196429,0.382117916711147,0.569230479140734,1.11034292719837,13.2722473302746,4.0,0.01678144287449035,0.008346521560040676,-0.006763079376027492
2011-05-01,-0.023705939231349,0.443959021341621,-0.302913984131913,0.344613025542877,-0.703807461899075,-0.195891679521657,0.115079644152901,-0.00846053874314518,-0.0333360495010561,0.216853679262347,0.292828655685069,0.300932436890495,12.4847028592349,4.25,0.015882551077042395,-0.0044074647402820855,0.00023711560279182642
2011-06-01,0.0991430632533504,0.452950754692981,-0.112960470112434,0.32319812667887,-0.317902279391869,-0.099785988673313,0.258986337536096,-0.235577253223061,0.310629515355938,0.199546885026299,0.530723619284602,0.305162680027527,14.6608328035715,4.25,0.015460322031816132,0.018247781113006623,-0.0009904486713805394
2011-07-01,0.792952335352793,0.252675292249999,1.11963738227731,0.253315119875729,1.805673617045,1.53193877828644,0.201287588228947,1.61527387291544,0.27621376270819,0.113560719781228,0.237463317365478,0.318755882781296,13.6836086722409,4.25,0.009886235171318924,0.011070580251102857,-0.00786714067779648
2011-08-01,0.26581819673157,0.189075533914963,0.310074064367873,0.246978893414802,0.297684855760314,0.427601299916695,0.134567471956635,0.348263742929823,0.213318417126754,0.204612711523671,0.247809458418264,0.444405996651328,12.4005429467944,4.25,0.018052390629288206,0.017640642698326214,0.06383878958007472
2011-09-01,0.334184450724357,0.412185582012244,0.288597897373164,0.314229237763518,0.372752462205662,0.433468205766287,0.253402183113702,0.340098490471593,0.330413429828484,0.192777162469851,0.531284497013585,0.671056173129936,14.3550396061797,4.25,0.01505111771121137,-0.0092136452643512,0.05117463781047715
2011-10-01,0.314850475426423,0.299006035691918,0.325154504769044,0.278442898725117,0.383434484090202,0.571840606259737,0.105374860954026,0.601002523732132,0.132371228487299,0.120096382016501,0.224941878531137,0.214359478278963,15.3887161772122,4.25,0.007176364624432274,0.01306482483148863,-0.003138622785501588
2011-11-01,0.431423021984299,0.374635454370122,0.464060351651667,0.290576231755553,0.688434067128488,0.789294770706725,0.138358402388998,0.846670390596239,0.165380339629483,0.142333564647618,0.278526420492952,0.418938609080403,14.9603911169717,4.25,0.0030321355870490674,0.007269590931493264,-0.004295697591478853
2011-12-01,0.270908693685631,0.0786716588040623,0.386731742259261,0.143604129702536,0.506191993244287,0.100842701139555,0.411082650363526,0.120997687203046,0.367607668166517,0.0712931921496568,-0.100440157282433,0.0341874109981685,17.584297120722,4.25,0.0071228424688329905,-0.004770642201834874,-0.0027017676135063784
2012-01-01,-0.101321658058542,-0.0440524516024986,-0.136391566133679,0.220147267388239,-0.690485560778464,-0.0619417191245703,-0.133679589622742,-0.0512166791013694,-0.133562088279628,0.092109949618555,-0.233902723275475,-0.518655754460848,15.4787367856762,4.25,0.01865275698409441,0.04125696492953135,0.0010142442296536824
2012-02-01,0.32490889268749,0.160740468470507,0.423602126386557,0.31820974686228,0.338801582823862,0.633214043707346,0.0713967956328833,0.42583355755328,0.259914601375057,0.154235978870289,0.119304203377831,0.128060213964767,17.4839646264027,4.25,0.015878044661670865,0.048888451701750935,-0.003238566536200582
2012-03-01,0.766016269027565,0.200201642564556,1.10179517594805,0.619387039372179,1.03544479389144,1.00099950718454,0.571710240296792,1.01458843284615,0.60567382304759,0.775734934956651,0.483365734223434,0.607832613164863,16.9901948035014,4.25,0.017550306396590942,0.04640345118634537,-0.007601930664626333
2012-04-01,0.531540157871349,0.537782941122792,0.529303609720507,0.365805061517627,0.838424428640566,0.783518087895577,0.3222919998155,0.864141499736211,0.316122334647655,0.342385272296206,0.562806317433447,0.118510669944466,16.0815291300543,4.25,0.004709444869031687,0.030489881517862027,-0.005287297469397045
2012-05-01,0.03926077503556,0.350415615487927,-0.145812914331244,0.330563934771151,-0.496258755387809,-0.18839244090803,0.229178305527557,-0.0396613040145373,0.0906559339725109,0.242168621594671,0.0773064742768977,-0.335535874660502,18.8948341611616,4.25,0.005557977514135892,-0.010575752304748609,-0.0003924536700022907
2012-06-01,-0.0366953058830012,0.0501007025803527,-0.0877924748665434,0.202460311371618,-0.476876858155974,-0.239087057708634,0.131444611197002,-0.262209993201111,0.109971796352167,0.190385637905543,-0.0289062288160503,-0.0687668936477319,16.993685636061,4.25,0.011429908290653268,0.0060300270735909045,0.11151898640311897
2012-07-01,0.0903588612568951,-0.102736700119416,0.20449013415578,0.197673059009741,-0.109358611071803,0.00612079519024487,0.160081931000306,0.289982913246723,-0.0389871820562973,0.0763488862090769,-0.685047055568069,-0.840032494574445,15.8023734343825,4.25,0.012160839276573077,0.013193534294451803,-0.0009027728772780241
2012-08-01,0.508401059841231,0.313566215452391,0.622570614194225,0.265750775134539,0.958205248371083,0.940772305735848,0.151081530519356,0.931703444136782,0.233220401245054,0.152914550145588,0.242879235305345,0.239733283375654,18.1117509764227,4.25,0.010704539100433674,0.030889962055881348,-0.005058294177204048
2012-09-01,0.542706494983504,0.259593697224863,0.710569298617517,0.186436503783755,1.20305784348452,1.23764767361656,-0.0361340289908439,1.31186545995093,0.0392067947727068,0.00366150880751033,0.45474959805727,0.401468817509704,22.8020468186839,4.25,0.014645018830200751,0.023255424871593267,-0.005397770896594878
2012-10-01,-0.163323292399981,0.0274527823574246,-0.274222692728611,0.131615969707516,-0.701172469908634,-0.308194923501178,-0.0411171056499167,-0.344754277635264,-0.0430457234806537,-0.0211300110296792,-0.0104566112141936,0.0243514269986736,24.2883886870703,4.25,0.018558062323515756,0.012148264416866894,0.0016359047374774338
2012-11-01,-0.137468673524668,-0.0377730120497364,-0.196002427925624,0.204710899353504,-0.768576444335465,-0.381304683623129,0.0676691777519466,-0.320646131741981,-0.0163998392705605,0.100868241270113,-0.409387955855966,-0.225512894273723,22.3260737515254,4.25,0.01289700690056006,0.021194107004393947,0.0013765791002746663
2012-12-01,0.258775005035199,-0.083884155797021,0.459453191959567,0.176440262678858,0.40993172664347,0.0891334808267224,0.400853138247167,0.180842831897245,0.310126555708082,0.0397845636775575,-0.155956327875868,-0.115758199775838,22.6439927929702,4.25,0.01078390016569375,0.012259554543153639,-0.0025810708840405816
2013-01-01,0.115417675695559,0.00905330953164426,0.177740881087553,0.289930121217579,-0.208991854436334,0.199814904703386,0.0449527824336237,0.186527676624673,0.0686218232387357,0.128478603569851,0.0242046784476285,-0.776007261351311,21.4532804527867,4.25,0.01778441654287133,0.04727227266334322,-0.0011528461687039249
2013-02-01,-0.0899999999999897,0.139157711397169,-0.219577464172696,0.205529068566163,-0.63391935066611,-0.402429898978802,0.176503085820202,-0.712630848263615,0.324960609420788,0.142966847984878,0.418830304696255,0.0758246502586053,26.3803985275549,4.25,0.017136116521535127,0.009147069356571613,0.0008721931665589544
2013-03-01,0.908826029924648,0.33435788191053,1.24234934852211,0.868684440453886,0.977522995161101,0.848539181504497,0.953663427688566,0.780254981488937,0.98789287047083,1.10826571904562,0.65557046832158,0.281858893154788,23.7010343473127,4.25,0.00901645943671836,0.004273314702272657,-0.00897807261354544
2013-04-01,0.252386434513867,0.167217879681515,0.301078262763019,0.294419391752528,0.171700116602971,0.376174369624775,0.149578894722831,0.559229272874293,0.0527245233663658,0.262211002210011,-0.17853990092968,0.0478556102465339,21.5609310232023,4.25,0.015651641860585208,0.004961865779322228,-0.0025175104901747902
2013-05-01,0.193585595743532,0.240010932307536,0.167891245801726,0.247737608887582,0.0939030142659239,0.245901507208467,0.150038224102327,0.601928487121453,-0.073467273687266,0.171347126530503,-0.170840842376445,-0.295319261818765,24.3564306120644,4.25,0.01200544746626897,-0.02182990257124018,-0.00193211565982232
2013-06-01,0.261797703601153,0.338022159536119,0.216344893754037,0.263831604311828,0.255912145544923,0.389903359482773,0.155061402240478,0.273423441774354,0.254143178094041,0.252010192816554,0.707918884334294,0.817302770709811,21.4933014900005,4.25,0.006426243823807853,-0.001228188422077392,-0.0026111411284992503
2013-07-01,0.548478702276045,0.354545035150386,0.662565994733232,0.329063218038522,0.96467247295298,0.870011742868363,0.279952650112658,0.813328309152911,0.374065007531921,0.264747873205623,0.382129503505862,0.969333209237564,17.8562453583576,4.25,0.007530379219515604,0.013976575738944064,-0.005454868232267263
2013-08-01,0.54290503863184,0.473152189590005,0.584023366851849,0.305653039326534,0.988960938442883,1.02520872335593,0.137742408363872,0.846548594685318,0.342068948161761,0.178470396292005,0.87039167617051,0.845033448684101,21.8569290185624,4.25,0.007468253167639105,-0.014493825334615074,-0.005399734953184909
2013-09-01,0.108780375955996,0.165165819623632,0.0755774161753268,0.222119459823648,-0.103243557748747,0.144543162010094,0.078471347470931,0.0388577213237809,0.155261175038689,0.115205966427437,0.568990738869352,0.519473923101234,18.5111235348108,4.25,0.0015711284426465078,0.001410670068282327,-0.0010866217283622692
2013-10-01,0.0382722950763035,-0.00750274681301901,0.0628331968209158,0.226627010035671,-0.317342766771586,-0.0719309799065287,0.131731451025425,0.0342543852204538,0.0409400800550263,0.153126241308374,-0.341251266603679,-0.414694710612583,20.928510445704,4.25,0.00014738098896494023,-0.005065263978180412,-0.0003825765299427797
2013-11-01,-0.218243304450852,0.0352714829964458,-0.365218940353425,0.195394325099033,-0.995307481040309,-0.704405973142761,0.193213995886755,-0.777103908117091,0.152800432118075,0.21050433310741,0.156149812155094,-0.403333641089968,20.289252718847,4.0,0.011634108444705138,-0.0016869756442891015,0.0021872064761960797
2013-12-01,0.165817500674368,0.255003554409731,0.115625263906616,0.230985541425399,0.0450970380998545,-0.210854650884524,0.48175291193288,-0.411836663434737,0.545777885868828,0.215726317797528,0.759440316585395,-0.106805803235183,16.4901121590892,4.0,0.0044034291461862995,-0.009294044870924445,-0.0016554300140697586
2014-01-01,0.316846515378193,0.346859504994733,0.299322876206829,0.296904878634688,0.354794294058311,0.663371603379984,0.0282005172200167,0.777201123520953,0.0169255742535482,0.199112804883907,0.564574601052438,0.025156999999993,15.7094036865662,4.0,0.0029658795668912052,-0.008970044012609812,-0.003158457690646821
2014-02-01,0.60083869624388,0.269190647512941,0.793388555664888,0.270823473106837,1.22744184982318,1.09455111603419,0.186978131092385,0.83170163655821,0.449288218429709,0.173895160340759,0.315153776634065,0.204131646601665,14.6244073425447,4.0,0.010948507264389562,0.0015828134124227233,-0.005972501860129431
2014-03-01,0.518558879929413,0.396195152947929,0.590699134608858,0.804963613029032,-0.0195203628644182,0.212914643192456,0.77708986104867,0.0691067013292128,0.814725977956267,1.03192953004119,0.59680335152867,0.381180799953395,12.2083477827611,4.0,0.010207889614858745,-0.0034214523528238727,-0.0051588371909410125
2014-04-01,0.393222043698289,0.365782681804214,0.407981957471153,0.226677679042031,0.707815532872716,0.628183062384003,0.195591489133844,0.605783317103002,0.254190446443301,0.193877687513858,0.195209891398195,0.0589147978715527,14.5242777553412,4.0,0.007300223528606153,-0.0034639899005449726,-0.003916818642667685
2014-05-01,0.225030490782512,0.259001713771671,0.204975134704235,0.230895424404174,0.213224786181891,0.321718171030285,0.143353373639125,0.400595942418266,0.109794314453983,0.193595172990871,0.107716925941133,0.182578500768891,12.3308748992648,4.0,0.0034265442589511697,-0.0015449025938915062,-0.0022452524053167
2014-06-01,0.159177501068276,0.0544464828561015,0.220191824159996,0.178435358512235,0.123354952772335,0.220234217557734,0.107507865619646,0.284012774481533,0.0770011563054913,0.1502716777215,-0.047236979823214,-0.151135587213869,12.4965701701218,4.0,0.005267121632831495,-0.0007427006452211948,-0.0015892452897460219
2014-07-01,0.433312575620032,0.241903159900681,0.543876438860331,0.197073330217393,0.880436220660124,0.665803613437915,0.236343921707695,0.732236208300446,0.236130617616854,0.177319839702442,0.216004154208618,0.101252163238071,11.6967851247641,3.75,0.009542057750849153,0.014787631036992321,-0.004314430785042678
2014-08-01,-0.0856196342018747,0.0125770081948892,-0.142166383257386,0.172615755877732,-0.571202662818753,-0.1500920610655,-0.0307639706074715,0.219103008487462,-0.28762170951445,0.0439321479448619,-0.149010388979745,0.2100938267247,11.4865267060826,3.75,0.014450142934427257,-0.010467529296875,0.0008569300423872939
2014-09-01,0.160502508704002,0.113843990057039,0.187288294363119,0.176893184457161,0.129148611729892,0.238900198776404,0.0938783246139037,0.291867916481729,0.0729772184017376,0.161276156325417,0.0929689655826824,0.344239245285527,10.8735444731299,3.5,0.01885370069595882,-0.006121819583654542,-0.0016024531095989447
2014-10-01,0.378858336021168,0.220538238716064,0.469530491578782,0.199137130358147,0.718319473919909,0.682374692676207,0.120549100766607,0.595088248610306,0.234474952833843,0.151931326588144,0.260134845780149,0.49124770006032,10.7981174162911,3.5,0.00579568118983409,-0.014320512621600279,-0.003774284170007247
2014-11-01,-0.149460647587778,0.0299575943993439,-0.25340039074939,0.213866248569768,-0.835941809339656,-0.475925470899954,0.129938048359177,-0.392638113158009,0.0135006316712473,0.168410248299075,-0.337398733665746,-0.0700539636801285,10.6212222165498,3.5,-0.0007787255351179301,-0.004407366598457418,0.001496843668116643
2014-12-01,0.228891578078382,-0.169354917658052,0.460968377912562,0.282084878250189,0.131501867104648,-0.0817622820594138,0.49315003456687,0.323361115618966,0.165841490218352,0.181949728965502,-1.45691847672836,-0.311203103452594,13.0740524949622,3.5,0.015449983169256054,-0.014893280632411021,-0.0022836886098870357
2015-01-01,0.170295685735701,-0.511607945567083,0.561203029682106,0.321524292185926,-0.118912601003282,0.366849298382051,0.00405343326364293,0.785727679700697,-0.241096848935024,0.181207253435929,-2.04866969545132,-0.31052194969592,10.3631842819984,3.25,0.010576116725255824,0.004991333376131557,-0.001700061725583013
2015-02-01,0.30346893023652,0.0757723610474502,0.434082829783333,0.338980164051166,0.237957292123942,0.476234173136799,0.156816381282817,0.578202830653231,0.117929610926087,0.297522213217216,-0.457519717992431,0.350225530306513,9.00242644944833,3.25,0.0030207062695188913,-0.011546016384803348,-0.0030255078261304247
2015-03-01,0.764664131404038,0.560220116072219,0.879025775498579,0.903711316818758,0.495446308222304,0.59653812306855,0.907833808871518,0.471619632599164,0.963479197185061,1.17515831064432,0.924452639264429,0.687304336340674,10.0594440486518,3.25,0.0012508604621981334,-0.009257464133385018,-0.007588613905436303
2015-04-01,0.390506491415774,0.409964493120317,0.380376948582753,0.377275476700781,0.417575819435325,0.445503289630138,0.343817808201413,0.511547681618072,0.308786558949665,0.361455548699349,0.49729617299086,-0.0472790261976505,9.64205429256671,3.25,-6.801224688579577e-05,0.004957356946007296,-0.003889874700941376
2015-05-01,0.564365427803757,0.716883464002385,0.479020505144729,0.299579442997021,1.07566724719811,0.937632688290231,0.247164855951675,0.489771569908785,0.614828637011956,0.232462198038462,0.999618867727418,0.380000752335242,8.48852392032146,3.25,0.003970821342025532,-0.01969915783666254,-0.005611982190736886
2015-06-01,0.332341348473706,0.793859751425308,0.0695353819881817,0.256014114457256,0.474640269671775,0.418547853077253,0.258578935277865,0.144666167831511,0.459146969944656,0.223959363512279,1.43691054630044,0.260577952132851,8.72593456734838,3.25,0.006339132693460758,-0.006554880572062327,-0.0033124049933183075
2015-07-01,0.450786388967827,0.232640358876237,0.575891676740723,0.291689158845787,0.755927384173572,0.287891192658508,0.590389696056041,0.190502014616522,0.626100994258252,0.299047299019524,-0.11304607469198,-0.0429178571840567,10.7656128569681,3.25,0.003968765348723036,-0.004715330656314021,-0.004487634245310734
2015-08-01,0.377226121085694,0.236460207523511,0.455629115639419,0.282141205623558,0.555042626678632,0.71817051810831,0.0859110242919715,0.682818780492472,0.172285132528255,0.259963825039144,0.297904584128578,0.244216355399609,8.40046390976353,3.25,-0.0021312658979557586,0.014715237553152294,-0.0037580847335917378
2015-09-01,0.0275381794493309,0.0317431465163331,0.026446676068202,0.280357815387233,-0.44877883515526,-0.00702447051730699,0.0572563098587256,0.040891151345374,0.0185375759852649,0.176664835480891,-0.352749157093263,0.224049292339105,8.28700248803369,3.5,-0.0032937385794621354,0.013627439658159046,-0.0002753059802382829
2015-10-01,0.142799384312569,0.0668710647589907,0.186083288226694,0.208596777939427,0.0178507268914389,0.147385819185302,0.138858330683572,0.212619606890522,0.0957263738003217,0.216695988204075,0.0914459136075809,0.0198450382499112,7.62819943809694,3.5,0.008869734162733067,0.011930532723514409,-0.0014259575844712824
2015-11-01,0.344071735952856,0.132195559274051,0.46354400543962,0.236700659545525,0.548610232848391,0.602440552051892,0.122041455882928,0.744189093905506,0.073996342771667,0.177005870343308,0.0332855640627009,0.721868067088892,8.55398389652281,3.5,0.010610640502737967,0.0003860258637329306,-0.0034289194169701
2015-12-01,0.445721499061671,0.12789295916737,0.625607130291414,0.258156396084662,0.804418977530673,0.35285356427671,0.52591088356286,0.390980954734805,0.482918292117531,0.22365436119708,0.0233008365689303,0.0774833681953459,9.21738470416217,3.75,-0.0013381121565682053,-0.011431603318541428,-0.004437436382651816
2016-01-01,0.37252021115541,0.0206156066210986,0.570282188348043,0.286640282324943,0.53596893701899,0.881804469100781,-0.066478259255038,0.837860125641092,0.0566060086440962,0.154316971230949,-0.259718417937135,0.0263502113012091,7.50309152531176,4.0,0.006775361448131179,-0.024461250711555693,-0.0037113764840370767
2016-02-01,0.174091242706681,0.223307374748462,0.146110032588733,0.61851495027857,-0.666848734148829,-0.223427362007604,0.520000221734542,-0.0611859272970851,0.335065520972634,0.655062284495399,-0.301699317500641,0.232964739152597,7.88013056947258,4.25,0.005532660637664666,0.0036178123072305723,-0.0017378869181348122
2016-03-01,0.598118099213,0.224004375377211,0.805838173254182,0.720989413732662,0.360797691753222,0.474847307507293,0.704591386340362,0.607154931104032,0.591959607587418,0.903655422370141,-0.419871845278067,-0.293275050071785,8.68260101750717,4.25,0.001965202776629482,0.017990630917970707,-0.005945619167778471
2016-04-01,0.0114065609758854,0.279233049710299,-0.13734018684777,0.192806763702537,-0.33731712196008,-0.00607301495789643,0.0264698376241936,0.293209936446829,-0.180668040973985,0.109120232428992,-0.141540381572109,-0.672190742544567,8.21018918574779,4.25,0.007379326574643352,-0.00013054617254937284,-0.00011405260027819164
2016-05-01,0.209563738332199,0.78971642330471,-0.114061794622245,0.410273265068111,-0.178679505835422,0.0783025367109445,0.322643170344667,-0.0550672991199911,0.390790113009197,0.369995530803753,1.05826358538799,-0.0771133402895917,7.92000506107565,4.25,0.005780621702091038,-0.010673542996099461,0.13096324447904095
2016-06-01,0.139508528737671,0.540890216005222,-0.0847180509168873,0.228775870943429,-0.0311219143681157,0.0595570715102301,0.208217681152493,-0.096056295115443,0.300113125032912,0.275063774817669,0.774082576265897,0.559958940546272,7.8738495836915,4.25,0.005109987649034808,-0.017403784292053692,-0.001393141735838821
2016-07-01,0.081747041914584,0.362310380190411,-0.0776730246956076,0.165235046380278,-0.082122179176844,-0.0436001789805307,0.189308865178109,-0.0622793087317364,0.17955421282312,0.158746063837613,-0.0259042269344157,-0.297516911523076,7.82875904914121,4.25,0.00757202085806763,0.02555234705526832,-0.0008168027070962758
2016-08-01,0.358285853821853,0.2541298673858,0.416262901952487,0.252875343595981,0.561832505871025,0.576180587120586,0.171742661909714,0.563569753073515,0.219215687506475,0.255172274379783,0.229885142803375,0.429548671063099,7.4568749769116,4.25,0.012285959936593871,0.011180957993648377,-0.00357006749142208
2016-09-01,0.206464092392192,0.160852293580124,0.23529550506351,0.184832429930348,0.254121079560327,0.317627691971931,0.110910904298273,0.269075802131848,0.163901866665873,0.171922211938502,0.391501034647799,0.78939723467267,8.16256214532732,4.25,0.005512886090099256,-0.0031407340251582427,-0.0020603869646753648
2016-10-01,0.413354520523768,0.310911311669459,0.470066411582648,0.25747661600091,0.714022936889782,0.748933796523087,0.124304134534486,0.740283734795573,0.190881026276104,0.122463377559305,0.336896250735146,0.458944154455075,7.41653561705152,4.25,0.003269771430801427,0.007048315062931465,-0.004116529345100761
2016-11-01,0.290064059118052,0.145069691020227,0.37321405032478,0.199396213167371,0.467651601382884,0.457323297179899,0.145096948475789,0.220021737333721,0.33798883087875,0.0732081913430028,0.191329223016965,0.217160953572447,7.76573094748072,4.25,0.000979022191843315,-0.010401715879952866,-0.0028922512099232023
2016-12-01,0.33419524609934,0.0868343624813819,0.473116168447408,0.146929940597941,0.694396914853242,0.285980513860163,0.376114258187957,0.235220826861945,0.401836489503419,0.135105597665235,0.219018547280691,0.53465696822824,7.94184518233192,4.25,-0.001022346509805594,0.005247376311844132,-0.0033308210155019724
2017-01-01,0.237843060107308,0.250703923701239,0.230000508287882,0.211630767955257,0.287063269558548,0.46301417891063,0.0422498334720511,0.428823999405991,0.107539182406569,0.106879445230049,0.540404112124325,0.0338336859435118,7.7885176914938,4.25,0.0044603141140053815,0.014363064552734839,-0.002372787091644013
2017-02-01,0.323171371975582,0.267344265368562,0.355595225450008,0.23113555732674,0.501714558397949,0.53316025178734,0.139998912646009,0.856219858123191,-0.0416880962048807,0.11097627218958,-0.180587867512192,-0.623890160552196,7.07407320053599,4.25,0.0023364012600495254,-0.004490826567793871,-0.003221303389397634
2017-03-01,1.30455818519093,0.385061684141366,1.82145764629469,0.79854710736882,2.27301103904017,1.83881882302351,0.836695067658077,2.11693638197034,0.743508996306522,1.07839690760372,0.00400458443690882,0.403977657970068,7.4647519932439,4.25,0.003902987936176716,0.003146521969465965,-0.01287758624647617
2017-04-01,-0.258053478882145,0.314848927098791,-0.575830676487728,0.174126679963718,-1.07381495281411,-0.649032382009371,0.0877375375798358,-0.734187222753539,0.0752595916979762,0.0822641094807002,0.0390591952619261,-0.253595838099324,6.95598166413881,4.25,0.001961455409533297,0.008177700961800038,0.002587211177268456
2017-05-01,-0.423337988013419,0.228357685447951,-0.787880280027804,0.216939391580565,-1.64668864099426,-0.995328604297172,0.0788201617603336,-0.827529188943357,-0.142676246525702,0.140383827916242,0.350207886729439,-0.131056794575423,6.89240108166823,4.0,0.011957590492099879,0.006603384234420195,0.0042513775764301265
2017-06-01,-0.159198769026384,0.0931350587361857,-0.300929104306724,0.158508660316268,-0.776096273868224,-0.406111337566328,0.0552424752660882,-0.448482919720621,0.0402963213072952,0.0832323802863284,-0.0728326181229703,-0.130309245497896,8.14908465495113,4.0,0.004595618983340044,-0.012820512820512775,0.0015945261562766433
2017-07-01,0.198285823750627,0.0175309647961309,0.299642284585511,0.138320910943211,0.313883544126507,0.235018886556859,0.166530605375226,0.28389127542982,0.139539335815514,0.145616320872983,-0.229018074490787,-0.108424391860279,7.90948482153013,3.75,0.004864826139622691,0.0071724093864316,-0.001978934291343326
2017-08-01,0.672225629676554,0.199195578310698,0.939128270447714,0.13704925474265,1.72076195846988,1.00683668752049,0.382761271830719,0.95313371648437,0.479175403362873,0.107907208415843,0.174587408082939,0.185778509563685,7.19497366351911,3.75,0.004109956109147994,-0.016574147501982606,-0.006677369308883518
2017-09-01,-0.0157699757397503,0.167504674455469,-0.118643402017953,0.0530229486964476,-0.148535308286947,-0.0250335693721246,-0.00770643220527841,-0.217158839525914,0.123284594476719,0.0326259695795789,0.659792808744801,0.21238215900707,7.02411570251024,3.5,0.008167615479757417,0.03798080799935488,0.0001577246305339841
2017-10-01,-0.469245219484567,-0.114666973268111,-0.668515590153731,0.062240856389631,-1.49690786689263,-1.03352785951775,0.0218524417622103,-1.18498259154713,0.0232752525738851,0.0323283699013804,-0.150139413598205,-0.0742399631831614,7.27705151328612,3.5,0.008045468873974171,-0.012430080795525211,0.00471457511318274
2017-11-01,-0.197237337488294,-0.0719402102020826,-0.267062363719774,0.085916391764452,-0.751678420258258,-0.461013736501619,0.0299061592080863,-0.741273865191756,0.172608327679108,0.0434585507654139,0.1922979844469,-0.161019960352572,7.1343745926027,3.25,0.009565867192543598,-0.009078036500943965,0.001976271319812817
2017-12-01,0.156851858043552,-0.196601166075073,0.357489785652376,0.0440825726651666,0.380553979873642,-0.00423755495333356,0.294888607252662,-0.131167856216629,0.35086645370105,0.0218984509684004,-0.123681933146574,0.0600288823595376,7.5895178096414,3.25,0.004620025627227964,0.010129717542828987,-0.001566062182801975
2018-01-01,0.127417107488591,-0.0205215605840724,0.210226693766536,0.163971142360119,0.0539307932112409,0.428291886277076,-0.129632120477451,0.338592614278962,-0.0141507233161488,0.141763370208871,0.129849492816235,0.255271436658703,6.75781101557486,3.0,0.009649396998086202,0.010515395859857612,-0.001272549628957953
2018-02-01,0.250220520720826,0.129779271887562,0.317729137045221,0.132048447390546,0.483372711954254,0.383644788630753,0.135594088548836,0.0963781602992583,0.353717204039282,0.17014329087805,0.370990521866783,0.375878196829856,6.4821128763812,3.0,0.01025735514729642,-0.03740861720329758,-0.0024959598035896313
2018-03-01,0.487124356837782,-0.00425163767147614,0.76484116646876,0.771092981686228,-0.0694837299019642,0.0618566793582066,0.854860524707049,0.0271686816247323,0.79576376622426,1.13554068146458,-0.11296165519718,0.0919749812599386,7.01801825002307,2.75,0.009752272715203292,0.002375373676981596,-0.0048476295839452455
2018-04-01,-0.137073083858309,0.188921031944832,-0.319688210628397,0.139589564703393,-0.688515993583834,-0.312098877963854,0.0110170826550447,-0.381566354106536,0.0257357640161908,0.129632530456562,0.447167149043956,-0.089288690331107,6.75370441684489,2.75,0.009203042113593796,-0.02969435130255349,0.0956194464213842
2018-05-01,0.0184551804113629,0.388346183198131,-0.188889079975112,0.199886093469176,-0.345191207678118,-0.157983621296037,0.168729530954397,0.0405238582752,0.0038194175891543,0.170869902302718,0.710372179163026,0.699571076300578,6.46707756842418,2.75,0.0025993144308362748,-0.002076756936368218,-0.0001845177510284568
2018-06-01,0.334058214668909,0.582923775878231,0.194600522484422,0.371634171254835,0.259946986227904,0.400987869552591,0.278052544647491,0.417302654530874,0.278830934830582,0.373206760193855,1.11515639144368,0.28089913395834,6.87268902264673,2.75,0.00801985658868487,-0.01641554982102722,-0.0033294598126824004
2018-07-01,0.382785985925354,0.229450944433951,0.468266455833466,0.200814815606444,0.747370783503808,0.512341351756302,0.271853922886728,0.518161277096536,0.292849252288334,0.173387947480846,0.294181913525236,0.0693234397820041,6.66753658318062,2.75,0.0028292667610294586,0.029079706833223362,-0.003813263222031904
2018-08-01,0.131767259402052,0.125536428145337,0.135673752878284,0.134820446564953,0.126388935230914,0.178486799926572,0.0919617724954755,0.171556546489384,0.105273814602152,0.128739774794683,0.303761699116201,0.132009556898961,7.14803339785607,2.75,0.0038333095284956986,-0.008585949964636463,-0.0013159386177699073
2018-09-01,0.191681610790045,0.100237727642716,0.243411199170205,0.112109786114636,0.351548193558817,0.365686238443111,0.0432998767173636,0.403564118518697,0.050507571233713,0.11039738277947,0.0815029923216397,0.626813238889716,6.34055169107964,2.75,0.006459065178887613,-0.03872252177519697,-0.001913148953169741
2018-10-01,0.0816835303769421,0.135303738054518,0.0515960465539076,0.0936079313638367,0.0580794591614124,0.110675797413414,0.0576882090486322,0.0595921109992731,0.0964546423762089,0.0894019631247647,0.455119074742689,0.391191378627582,7.18418370049188,2.75,0.005239743275940567,0.00950967363352384,-0.0008161686284203773
2018-11-01,0.122438003210824,0.0377415888986538,0.169523622681896,0.0981394452936022,0.169754735591005,0.187553571068046,0.0658946274744747,0.21843137497679,0.0582770436764263,0.103414384885663,0.216871357338497,0.476282137260312,6.53294799561028,2.75,0.004072230077408312,0.015301237776106147,-0.0012228827588751656
2018-12-01,0.181777270585084,-0.0676217404201577,0.32245046948026,0.124271746511229,0.29714257167971,-0.00744320371402779,0.343936860947243,0.0235897789695486,0.287677359266995,0.0731930318603358,-0.229389747764839,-0.129494383161411,7.01332655024873,2.75,0.004472887511606016,0.01235960732146757,-0.001814474403806221
2019-01-01,0.0653322898985492,-0.0386972298040322,0.12465494141821,0.129535669883579,-0.0611110444903201,0.0782385603490064,0.0543105080547535,-0.0687660056760684,0.154869241863336,0.0832545676165527,-0.221300884615336,-0.327350342077007,6.27744761706453,2.75,0.0021035086702259065,0.03756717024101408,-0.0006528963468509508
2019-02-01,0.126761453780625,0.0247438297550552,0.18337136763226,0.187074172608454,0.00499674573552477,0.128482386436006,0.124970173750429,0.0506982323118864,0.17743519217263,0.23644045157298,-0.164956551272198,-0.452342029645072,6.48504231617692,2.75,0.004563259552434751,0.014017795827178547,-0.001266009725473416
2019-03-01,0.727552259105356,0.303679653948704,0.964714784408338,0.849802812862491,0.482519750656541,0.384501712061117,1.02091637412343,0.433538464314384,0.92317806905055,1.32306818459467,0.506706195314109,0.0281448614900829,6.09834066538653,2.75,0.0031082679766720744,-0.002576912132039033,-0.007222971697294245
2019-04-01,0.200080537447719,0.2197734481441,0.189206823837234,0.0703918675352205,0.461184963360217,0.38535379795641,0.0428133061872785,0.347623759842557,0.102387062910802,0.0553730472953624,0.374916526853711,0.27039709913057,7.04134799333517,2.75,0.0011170576918098085,0.028387567164888772,-0.0019968101460041687
2019-05-01,0.14761382269664,0.220013652134381,0.107777999353512,0.18439190419251,0.0746934246766698,0.154082760021084,0.142103933087333,0.133505416837157,0.156978372313388,0.185154198140918,0.294937937688221,0.183748619513319,6.65356411401381,2.75,-0.0012295888498078389,0.02200030612635251,-0.0014739624546435959
2019-06-01,-0.0862718704256484,0.0631830825496655,-0.170460389018213,0.0791397983601604,-0.42013940750684,-0.214480812518853,0.0229426083705946,-0.246081891473526,0.0197782498082579,0.0436688219925844,-0.0638250509171306,-0.0846958013663847,6.54277392762007,2.75,0.010471727513074569,0.0030700936013769997,0.0008634636304836185
2019-07-01,0.203336703292959,0.269073353771549,0.167029937344677,0.182615609096534,0.245831552654766,0.298257528768204,0.122670558510008,0.297812760446678,0.140808925809045,0.040910837514055,-0.103428719811458,0.036754170348012,6.54502478868761,2.75,0.0036737955752741414,0.003608317171079234,-0.0020292408415014673
2019-08-01,0.0609772736582818,0.250759156464371,-0.0447056348614381,0.156375659862144,-0.130716614447736,-0.0321902206285411,0.140292245379495,0.113872101425579,0.025914618023633,0.200650176734299,0.481725122643246,0.312812290135967,6.44661220292634,2.5,0.007826441729376521,0.022710589786226754,-0.0006094011403842137
2019-09-01,0.00638299858017871,0.0788818425453773,-0.0330236467729605,0.102757825222058,-0.186090147413171,0.00644980477171435,0.00632622336407492,0.0556749427467725,-0.0263201279432878,0.0578330882524257,-0.230231882785062,-0.0143266371649287,5.9355270360731,2.5,0.008477992674739143,-0.005991006166781387,-6.382591179265873e-05
2019-10-01,0.110725430948253,0.0327374635096621,0.154406668642901,0.0799942758951631,0.172928157215806,-0.0276881546088959,0.228356308421057,-0.231726117566059,0.33811393728544,0.0677854824341842,0.0491007520943159,0.121414327350119,6.61778518992192,2.5,0.0038726575993666135,0.001856763925729421,-0.0011060296533825786
2019-11-01,0.108910232526761,-0.0346329986360507,0.188703562308478,0.0603128735609624,0.206176138068322,0.191501584446859,0.038899226280549,0.0106289082361881,0.173798607699497,0.0484159833547666,-0.0317624135739833,-0.143465599234053,6.06995756585694,2.25,0.006119369650974704,-0.01787132644956313,-0.0010879174718196882
2019-12-01,0.214521161156722,-0.0673940394279232,0.371367554234957,0.0546196879355219,0.536558806460413,0.0711036067503753,0.336278749745735,0.0978849034442511,0.29140259815536,0.0448642862118544,-0.173693649343793,-0.0439460594245936,6.69965546057374,2.25,0.02959163315487623,0.023138787797097438,-0.002140619529698129
