Fecha,CPI,CPI Tradable_lag_1,CPI Tradable_lag_2,CPI Non-Tradable_lag_1,CPI Non-Tradable_lag_2,CPI Core_lag_1,CPI Core_lag_2,CPI Non-Core_lag_1,CPI Non-Core_lag_2,CPI Food and Energy_lag_1,CPI Food and Energy_lag_2,CPI Excluding Food and Energy_lag_1,CPI Excluding Food and Energy_lag_2,CPI Food and Beverages_lag_1,CPI Food and Beverages_lag_2,CPI Excluding Food and Beverages_lag_1,CPI Excluding Food and Beverages_lag_2,CPI Core Excluding Food and Beverages_lag_1,CPI Core Excluding Food and Beverages_lag_2,CPI Imported_lag_1,CPI Imported_lag_2,Wholesale Price Index_lag_1,Wholesale Price Index_lag_2,Reserve Requirement Rate_lag_1,Reserve Requirement Rate_lag_2,Monetary Policy Rate_lag_1,Monetary Policy Rate_lag_2,Circulating Currency Seasonally Adjusted (mill S/)_lag_1,Circulating Currency Seasonally Adjusted (mill S/)_lag_2,Net International Reserves (mill $)_lag_1,Net International Reserves (mill $)_lag_2,Real Minimum Wage (Index)_lag_1,Real Minimum Wage (Index)_lag_2,Wheat (US$ per ton)_lag_1,Wheat (US$ per ton)_lag_2,Corn  (US$ per ton)_lag_1,Corn  (US$ per ton)_lag_2,Soybean oil (US$ per ton)_lag_1,Soybean oil (US$ per ton)_lag_2,Crude oil (US$ per barrel)_lag_1,Crude oil (US$ per barrel)_lag_2
2003-12-01,0.44117807665523245,0.4585905480121254,0.4710923879966544,0.4756322286100462,0.5129276928917399,0.09473805037227322,0.09342113653254357,1.013425807055321,1.0825125234745707,0.866951331809919,0.9265232299324307,-0.0021804617951835174,-0.013523287175497336,0.9176749146826363,0.9963649610037206,0.06753444369675231,0.04821778889720126,0.031715112101389276,0.030202121692967262,1.0105312431101787,1.0521624644683791,0.6408396850809366,0.6757234504407506,11.6906076799113,10.3499444005604,2.5,2.75,0.011444806359083515,0.010225493786262252,0.050288348774020886,0.005542214069908846,-0.001674037902471004,0.056953017923109694,0.11520537359567573,0.01658760612744059,0.07536585365853665,-0.02780771718042685,0.017021681247622267,0.18123217764026145,0.02271476678369244,0.06579705516872836
2004-01-01,0.41360645385058725,0.44505295827510394,0.4585905480121254,0.4386016669176643,0.4756322286100462,0.09593743567533455,0.09473805037227322,0.9438873231857995,1.013425807055321,0.8071035655233507,0.866951331809919,0.00889515661340502,-0.0021804617951835174,0.8394097748845758,0.9176749146826363,0.08594536630691542,0.06753444369675231,0.033198007940734776,0.031715112101389276,0.9669290673203388,1.0105312431101787,0.6049611107899717,0.6408396850809366,11.3911780648162,11.6906076799113,2.5,2.5,0.01660710694037637,0.011444806359083515,-0.010532468004586515,0.050288348774020886,-0.005607882191473457,-0.001674037902471004,0.037146009562339044,0.11520537359567573,0.04884278205646608,0.07536585365853665,0.05125448028673851,0.017021681247622267,0.03781482874843456,0.02271476678369244
2004-02-01,0.3858976075388127,0.43063067418307605,0.44505295827510394,0.4018240203175182,0.4386016669176643,0.09701968206380257,0.09593743567533455,0.8740352327463317,0.9438873231857995,0.7470526717698242,0.8071035655233507,0.019742120577350804,0.00889515661340502,0.7615512702591073,0.8394097748845758,0.10357297602909692,0.08594536630691542,0.034708609737650796,0.033198007940734776,0.9218982901165279,0.9669290673203388,0.5682448532336939,0.6049611107899717,10.6340298884779,11.3911780648162,2.5,2.5,0.019489990994957074,0.01660710694037637,0.03623310162470883,-0.010532468004586515,-0.005345743847484208,-0.005607882191473457,0.0035460992907803135,0.037146009562339044,0.06255769428014624,0.04884278205646608,0.026779902674890277,0.05125448028673851,0.06151696391202677,0.03781482874843456
2004-03-01,0.35812830349178165,0.41549079969214797,0.43063067418307605,0.36531571265694224,0.4018240203175182,0.09797642296114506,0.09701968206380257,0.8040747266703548,0.8740352327463317,0.6869220123795132,0.7470526717698242,0.03039322162405955,0.019742120577350804,0.6841022905324081,0.7615512702591073,0.12056735734719845,0.10357297602909692,0.03628267980606449,0.034708609737650796,0.8761103442534339,0.9218982901165279,0.5308898985343086,0.5682448532336939,10.7182950603118,10.6340298884779,2.5,2.5,0.017002527731173833,0.019489990994957074,-0.005742569142382248,0.03623310162470883,-0.010744158792175718,-0.005345743847484208,-0.01999411071849244,0.0035460992907803135,0.0818871415356146,0.06255769428014624,0.08796299091375648,0.026779902674890277,0.015737896738335477,0.06151696391202677
2004-04-01,0.3302593321946923,0.3997634996099836,0.41549079969214797,0.3291178012504772,0.36531571265694224,0.09881635288998955,0.09797642296114506,0.734180924316347,0.8040747266703548,0.6268229036562055,0.6869220123795132,0.04088204766958344,0.03039322162405955,0.607093892066107,0.6841022905324081,0.1370428038290939,0.12056735734719845,0.03795039306353147,0.03628267980606449,0.8298476294751361,0.8761103442534339,0.4932042637185492,0.5308898985343086,10.2072768102448,10.7182950603118,2.5,2.5,0.022076483035349703,0.017002527731173833,-0.008751351310997357,-0.005742569142382248,-0.0045833812425245535,-0.010744158792175718,0.0005708963072024176,-0.01999411071849244,0.07370693885563018,0.0818871415356146,0.047541513316042394,0.08796299091375648,0.0581884704913056,0.015737896738335477
2004-05-01,0.3022953257768817,0.38347067711768085,0.3997634996099836,0.2931513717837095,0.3291178012504772,0.09952459875380637,0.09881635288998955,0.6642815755173849,0.734180924316347,0.5666737922598218,0.6268229036562055,0.05121424132807805,0.04088204766958344,0.5303554010563045,0.607093892066107,0.15307168984398595,0.1370428038290939,0.03970238160988791,0.03795039306353147,0.7830400593594192,0.8298476294751361,0.4554395587646346,0.4932042637185492,10.0587013909025,10.2072768102448,2.5,2.5,0.021821669221439022,0.022076483035349703,0.0057546188671246945,-0.008751351310997357,0.00022775261085916654,-0.0045833812425245535,0.02391482391482569,0.0005708963072024176,0.04529527450002124,0.07370693885563018,-0.020193447119885355,0.047541513316042394,0.0006042856681818254,0.0581884704913056
2004-06-01,0.27439095612359216,0.36658728989333167,0.38347067711768085,0.2574447370930683,0.2931513717837095,0.10009445117883228,0.09952459875380637,0.5943958924532668,0.6642815755173849,0.5064611118043357,0.5666737922598218,0.06141072534664854,0.05121424132807805,0.4537754270692875,0.5303554010563045,0.16875794608809552,0.15307168984398595,0.041528687266285974,0.03970238160988791,0.7355187354095555,0.7830400593594192,0.4178439310006961,0.4554395587646346,10.3650488886592,10.0587013909025,2.5,2.5,0.0286226101994016,0.021821669221439022,0.0336909103416525,0.0057546188671246945,-0.003525970710338666,0.00022775261085916654,-0.03112136978718716,0.02391482391482569,-0.04145171705738071,0.04529527450002124,-0.047734902784643984,-0.020193447119885355,0.09541854066453959,0.0006042856681818254
2004-07-01,0.24674744140558763,0.3491073292837759,0.36658728989333167,0.2222729333203227,0.2574447370930683,0.10054040288365941,0.10009445117883228,0.5248760354590997,0.5943958924532668,0.4464213306015522,0.5064611118043357,0.07152651791496122,0.06141072534664854,0.3774823733213231,0.4537754270692875,0.18428112646808378,0.16875794608809552,0.04342920224658645,0.041528687266285974,0.6870267580347104,0.7355187354095555,0.3807023878442131,0.4178439310006961,11.155937726367,10.3650488886592,2.5,2.5,0.012247972358272907,0.0286226101994016,0.002865877565568331,0.0336909103416525,-0.005606460662173629,-0.003525970710338666,-0.042207324200574714,-0.03112136978718716,-0.05546892740897502,-0.04145171705738071,-0.059038188577222095,-0.047734902784643984,-0.05535269932550524,0.09541854066453959
2004-08-01,0.21874570113461642,0.33062137715413104,0.3491073292837759,0.1882812189875159,0.2222729333203227,0.10087123941476493,0.10054040288365941,0.45620586147749415,0.5248760354590997,0.3868973475856372,0.4464213306015522,0.08160127387443579,0.07152651791496122,0.301928350226373,0.3774823733213231,0.1996307959981554,0.18428112646808378,0.045340936474037884,0.04342920224658645,0.6361626025457803,0.6870267580347104,0.3439121490954382,0.3807023878442131,12.4785305242137,11.155937726367,2.5,2.5,0.007970678616386895,0.012247972358272907,0.018587686149079685,0.002865877565568331,-0.0019273642173724959,-0.005606460662173629,-0.027610975434562035,-0.042207324200574714,-0.17553012453719552,-0.05546892740897502,-0.05112153621045934,-0.059038188577222095,0.06897416903629972,-0.05535269932550524
2004-09-01,0.19357666195752635,0.30744702268521057,0.33062137715413104,0.15704424503372047,0.1882812189875159,0.10079606993848826,0.10087123941476493,0.38740430196375963,0.45620586147749415,0.3274958027450647,0.3868973475856372,0.09080447897274317,0.08160127387443579,0.22894156146044248,0.301928350226373,0.2120477997350486,0.1996307959981554,0.046712780615487434,0.045340936474037884,0.5739571107899339,0.6361626025457803,0.3042467033655197,0.3439121490954382,11.0031447940749,12.4785305242137,2.75,2.5,0.0016424309916576174,0.007970678616386895,-0.008515404381656877,0.018587686149079685,9.541548256231103e-05,-0.0019273642173724959,-0.061931213804515384,-0.027610975434562035,-0.048989589712185366,-0.17553012453719552,-0.08355589469668134,-0.05112153621045934,0.10412312369370924,0.06897416903629972
2004-10-01,0.1722600494443942,0.2711860783275085,0.30744702268521057,0.1397863477798039,0.15704424503372047,0.09969544152664006,0.10079606993848826,0.3275333651017264,0.38740430196375963,0.27747630087712905,0.3274958027450647,0.09505143257637173,0.09080447897274317,0.1793858065400744,0.22894156146044248,0.20871865320468305,0.2120477997350486,0.049910889615144734,0.046712780615487434,0.4941963720148218,0.5739571107899339,0.259774863803423,0.3042467033655197,9.79575167249491,11.0031447940749,2.75,2.75,0.03663153124516505,0.0016424309916576174,0.02045196985619735,-0.008515404381656877,-0.00016686927460762835,9.541548256231103e-05,0.07584729746755547,-0.061931213804515384,-0.0847821420905781,-0.048989589712185366,-0.003833610879821925,-0.08355589469668134,0.020974419711095926,0.10412312369370924
2004-11-01,0.155123167147293,0.2347553181526114,0.2711860783275085,0.12920422618047275,0.1397863477798039,0.09894086338794393,0.09969544152664006,0.2766797679906366,0.3275333651017264,0.23524124474711994,0.27747630087712905,0.09832159091277425,0.09505143257637173,0.14225054115833802,0.1793858065400744,0.2014215910849983,0.20871865320468305,0.05451021224825504,0.049910889615144734,0.41644199085340095,0.4941963720148218,0.217788933927183,0.259774863803423,9.93580576416647,9.79575167249491,3.0,2.75,0.022797936628174753,0.03663153124516505,0.08753108179435687,0.02045196985619735,0.00023752729493287106,-0.00016686927460762835,-0.011669148277651753,0.07584729746755547,-0.11109622085231796,-0.0847821420905781,-0.11745843791745425,-0.003833610879821925,0.160940851419638,0.020974419711095926
2004-12-01,0.14125667532572106,0.201791661284856,0.2347553181526114,0.12324429632035777,0.12920422618047275,0.09815092204771128,0.09894086338794393,0.23612362184348543,0.2766797679906366,0.20099731157160183,0.23524124474711994,0.10131124725760075,0.09832159091277425,0.11419390524964539,0.14225054115833802,0.1939298024201312,0.2014215910849983,0.06046040914874699,0.05451021224825504,0.35169882010165454,0.41644199085340095,0.18318584157350393,0.217788933927183,9.13248713228398,9.93580576416647,3.0,3.0,0.0200811480630676,0.022797936628174753,0.014108953598653384,0.08753108179435687,-0.002861867699140097,0.00023752729493287106,0.04830259583076013,-0.011669148277651753,0.004145936981757803,-0.11109622085231796,-0.009958508563247315,-0.11745843791745425,-0.08818187511742914,0.160940851419638
2005-01-01,0.12974331982636716,0.17485540508573091,0.201791661284856,0.11855499059101898,0.12324429632035777,0.0968858097620018,0.09815092204771128,0.20425332005023059,0.23612362184348543,0.17312766495174306,0.20099731157160183,0.10396249709433741,0.10131124725760075,0.0906832699004051,0.11419390524964539,0.1885524377527155,0.1939298024201312,0.06731336607565673,0.06046040914874699,0.30605502331477663,0.35169882010165454,0.1598749736249442,0.18318584157350393,9.99051988942136,9.13248713228398,3.0,3.0,0.025998702621055747,0.0200811480630676,0.023795136197616307,0.014108953598653384,9.356295527029879e-05,-0.002861867699140097,0.005715521350887931,0.04830259583076013,0.04473485800452415,0.004145936981757803,-0.04978809795931105,-0.009958508563247315,-0.10795653069817845,-0.08818187511742914
2005-02-01,0.11975311936373799,0.1542535710853836,0.17485540508573091,0.1134486310219988,0.11855499059101898,0.09523027528971932,0.0968858097620018,0.1787870218425966,0.20425332005023059,0.1499680085412984,0.17312766495174306,0.10613368232246871,0.10396249709433741,0.0701670791682598,0.0906832699004051,0.1848323915715765,0.1885524377527155,0.07488774072070833,0.06731336607565673,0.27447341759602184,0.30605502331477663,0.14967159582125658,0.1598749736249442,9.31058194949794,9.99051988942136,3.0,3.0,0.02312355254167775,0.025998702621055747,0.039108455047682567,0.023795136197616307,-0.0010004930587689254,9.356295527029879e-05,-0.007874650612772927,0.005715521350887931,-0.0022452088846125484,0.04473485800452415,-0.06043662098310287,-0.04978809795931105,0.08364431652804605,-0.10795653069817845
2005-03-01,0.11326969376994052,0.1382429355051081,0.1542535710853836,0.10774108479288805,0.1134486310219988,0.09327075182454465,0.09523027528971932,0.15753151523739525,0.1787870218425966,0.13003247187218267,0.1499680085412984,0.1077121283708407,0.10613368232246871,0.052519715021849406,0.0701670791682598,0.18126566196049393,0.1848323915715765,0.08282595573232066,0.07488774072070833,0.25023821342227315,0.27447341759602184,0.15076588325188528,0.14967159582125658,8.91552852616557,9.31058194949794,3.0,3.0,0.02228216703355934,0.02312355254167775,0.01546666666666674,0.039108455047682567,0.002351721131589324,-0.0010004930587689254,-0.027507788161993618,-0.007874650612772927,0.008964879852125796,-0.0022452088846125484,0.016506863730968657,-0.06043662098310287,0.02669035172308698,0.08364431652804605
2005-04-01,0.11341212977564827,0.12565697790021882,0.1382429355051081,0.10557001674990743,0.10774108479288805,0.09180308838051737,0.09327075182454465,0.14399072040694683,0.15753151523739525,0.11668835389236107,0.13003247187218267,0.10896397106517208,0.1077121283708407,0.04226010130153493,0.052519715021849406,0.17757593333271277,0.18126566196049393,0.0913141662864502,0.08282595573232066,0.23118973102022522,0.25023821342227315,0.1625114319032957,0.15076588325188528,8.88611081060213,8.91552852616557,3.0,3.0,0.018802825763763575,0.02228216703355934,0.017031812725090134,0.01546666666666674,-0.006459959128311543,0.002351721131589324,-0.15856883999938698,-0.027507788161993618,0.0538012115129578,0.008964879852125796,0.14364514966953013,0.016506863730968657,0.12092560563003896,0.02669035172308698
2005-05-01,0.12084770238847543,0.11670466590988411,0.12565697790021882,0.11209610460698399,0.10557001674990743,0.09158513460546838,0.09180308838051737,0.14452109687285122,0.14399072040694683,0.11543506882006692,0.11668835389236107,0.11024320680032233,0.10896397106517208,0.045810989234314495,0.04226010130153493,0.17409613431955168,0.17757593333271277,0.10024803049641297,0.0913141662864502,0.21693643514658312,0.23118973102022522,0.18370531888190844,0.1625114319032957,9.18302020453614,8.88611081060213,3.0,3.0,0.025102095782753242,0.018802825763763575,0.00545924013279242,0.017031812725090134,-0.0011868267887240602,-0.006459959128311543,0.09628957021945639,-0.15856883999938698,-0.01329230104740331,0.0538012115129578,-0.021819310881666776,0.14364514966953013,-0.018693198007541767,0.12092560563003896
2005-06-01,0.1342123312792124,0.11184042265988171,0.11670466590988411,0.1281636738841303,0.11209610460698399,0.09282176043315765,0.09158513460546838,0.16043293162887284,0.14452109687285122,0.1276258848543121,0.11543506882006692,0.11146162080122358,0.11024320680032233,0.0650883124294052,0.045810989234314495,0.1705078476223089,0.17409613431955168,0.10870359563093246,0.10024803049641297,0.20720187222908193,0.21693643514658312,0.21026857926591566,0.18370531888190844,9.48836756286253,9.18302020453614,3.0,3.0,0.028750450793467053,0.025102095782753242,0.028395333480079277,0.00545924013279242,-0.0012617106651862109,-0.0011868267887240602,0.019421460270115487,0.09628957021945639,-0.006532732306707145,-0.01329230104740331,0.009844153707518455,-0.021819310881666776,-0.05780934388829728,-0.018693198007541767
2005-07-01,0.15164385374448214,0.11243502787843092,0.11184042265988171,0.1504647512995474,0.1281636738841303,0.095525331546665,0.09282176043315765,0.1883898533847043,0.16043293162887284,0.15074396795506237,0.1276258848543121,0.1127719105170375,0.11146162080122358,0.09744132524656146,0.0650883124294052,0.16672303124312532,0.1705078476223089,0.11605082958426606,0.10870359563093246,0.20220727993849177,0.20720187222908193,0.23789243613292432,0.21026857926591566,9.84816848681634,9.48836756286253,3.0,3.0,0.02522397557503364,0.028750450793467053,-0.014126712328767166,0.028395333480079277,-0.0026304845721162318,-0.0012617106651862109,0.011334427549468673,0.019421460270115487,0.04643288996372408,-0.006532732306707145,0.046847967653519174,0.009844153707518455,0.1296259197202605,-0.05780934388829728
2005-08-01,0.16850984928519624,0.12021198765778751,0.11243502787843092,0.17461262627790863,0.1504647512995474,0.0994099602703832,0.095525331546665,0.22431252868481422,0.1883898533847043,0.18080349131576254,0.15074396795506237,0.11476903564106652,0.1127719105170375,0.13813162910402113,0.09744132524656146,0.16333223185325896,0.16672303124312532,0.12249459809728945,0.11605082958426606,0.20394806351286446,0.20220727993849177,0.26390462580848245,0.23789243613292432,10.8921658343438,9.84816848681634,3.0,3.0,0.020155675709270238,0.02522397557503364,0.10602113185699813,-0.014126712328767166,-0.0010450197222716673,-0.0026304845721162318,0.011722127685019679,0.011334427549468673,0.08466219859795165,0.04643288996372408,0.03975991079773755,0.046847967653519174,0.0464874085965401,0.1296259197202605
2005-09-01,0.18048308090571555,0.1341187309855359,0.12021198765778751,0.19350493912788458,0.17461262627790863,0.10363829777231731,0.0994099602703832,0.2584779214613202,0.22431252868481422,0.20962885637234221,0.18080349131576254,0.1171771136189517,0.11476903564106652,0.17674072570715071,0.13813162910402113,0.16088903858035372,0.16333223185325896,0.12739218163257499,0.12249459809728945,0.21606662439943575,0.20394806351286446,0.28573645300083056,0.26390462580848245,9.97055335628208,10.8921658343438,3.0,3.0,0.017666948013411954,0.020155675709270238,-0.10848655368710336,0.10602113185699813,0.001799288861903392,-0.0010450197222716673,0.0324646320380888,0.011722127685019679,-0.09633152173912995,0.08466219859795165,-0.07569914270165756,0.03975991079773755,0.1012932569521463,0.0464874085965401
2005-10-01,0.18480664528947638,0.15209433657318921,0.1341187309855359,0.20122094504182828,0.19350493912788458,0.10719126321313514,0.10363829777231731,0.2820731236185371,0.2584779214613202,0.2296216735561497,0.20962885637234221,0.11956779566243919,0.1171771136189517,0.20331443167216812,0.17674072570715071,0.15999083712152065,0.16088903858035372,0.13027636559855477,0.12739218163257499,0.23759658150404944,0.21606662439943575,0.3015036448275237,0.28573645300083056,10.0011055375802,9.97055335628208,3.0,3.0,0.012434958366885684,0.017666948013411954,0.005137614678899061,-0.10848655368710336,0.0009436752884905975,0.001799288861903392,0.09130292918813132,0.0324646320380888,-0.11016115143314065,-0.09633152173912995,-0.02058677258278141,-0.07569914270165756,0.010180789063612972,0.1012932569521463
2005-11-01,0.18142339447773967,0.1698971152245647,0.15209433657318921,0.19598603141838936,0.20122094504182828,0.10944961037589244,0.10719126321313514,0.28925618052463276,0.2820731236185371,0.23611576861791525,0.2296216735561497,0.12155085290251001,0.11956779566243919,0.2130010309878851,0.20331443167216812,0.1597640768681471,0.15999083712152065,0.1310184969496323,0.13027636559855477,0.2596494430295467,0.23759658150404944,0.30934223324797994,0.3015036448275237,9.28292931649162,10.0011055375802,3.0,3.0,0.019634611396136314,0.012434958366885684,-0.01080686381891205,0.005137614678899061,-0.0014457116281709759,0.0009436752884905975,0.057018267591239846,0.09130292918813132,-0.04703863527392982,-0.11016115143314065,0.050636455016018767,-0.02058677258278141,-0.051910673771458415,0.010180789063612972
2005-12-01,0.17270370928666706,0.18296155023850294,0.1698971152245647,0.18098251245717728,0.19598603141838936,0.11069568461403598,0.10944961037589244,0.2794979740497969,0.28925618052463276,0.2291421414581982,0.23611576861791525,0.12274866662808172,0.12155085290251001,0.20839652515425572,0.2130010309878851,0.15760405283821532,0.1597640768681471,0.13034417590641034,0.1310184969496323,0.2711925449207372,0.2596494430295467,0.3076422110886871,0.30934223324797994,9.22842401578731,9.28292931649162,3.0,3.0,0.007616925307759592,0.019634611396136314,-0.00029526832509041423,-0.01080686381891205,-0.0006799843313103349,-0.0014457116281709759,-0.029367985652425488,0.057018267591239846,0.02211159071048341,-0.04703863527392982,-0.06839998855499718,0.050636455016018767,-0.06299687978621737,-0.051910673771458415
2006-01-01,0.16204124761452246,0.18843986870221152,0.18296155023850294,0.16225490762903727,0.18098251245717728,0.11170010709392787,0.11069568461403598,0.257370545723059,0.2794979740497969,0.21308258741431632,0.2291421414581982,0.1231121985553471,0.12274866662808172,0.1958668905523435,0.20839652515425572,0.15235687672277323,0.15760405283821532,0.12905372585731534,0.13034417590641034,0.2657567645156975,0.2711925449207372,0.2973423107799231,0.3076422110886871,9.26077066269383,9.22842401578731,3.25,3.0,0.019379887934251716,0.007616925307759592,0.040906741490068566,-0.00029526832509041423,-0.004174748751111235,-0.0006799843313103349,0.021286065874219773,-0.029367985652425488,0.08596300326441764,0.02211159071048341,-0.07223767484984145,-0.06839998855499718,0.01790335151987521,-0.06299687978621737
2006-02-01,0.15246383221250692,0.18436871941577934,0.18843986870221152,0.14690904580393493,0.16225490762903727,0.11256068606769289,0.11170010709392787,0.2307884985540943,0.257370545723059,0.19436617863410213,0.21308258741431632,0.12241394356450008,0.1231121985553471,0.1830042350751581,0.1958668905523435,0.14372429654791113,0.15235687672277323,0.12729506723732997,0.12905372585731534,0.24424667537598932,0.2657567645156975,0.27988725000717346,0.2973423107799231,9.56018220217793,9.26077066269383,3.5,3.25,0.017255350862605212,0.019379887934251716,0.002979357310066044,0.040906741490068566,0.08155298733989635,-0.004174748751111235,-0.0036147358166521704,0.021286065874219773,0.05686372745491064,0.08596300326441764,0.013947425592005791,-0.07223767484984145,0.09850915411533223,0.01790335151987521
2006-03-01,0.1435068823335147,0.17178205465788504,0.18436871941577934,0.1393987859259525,0.14690904580393493,0.11343981239601686,0.11256068606769289,0.20680544008556223,0.2307884985540943,0.17842013251699498,0.19436617863410213,0.12085838832197766,0.12241394356450008,0.1761400543968257,0.1830042350751581,0.13186304511130706,0.14372429654791113,0.125235017238789,0.12729506723732997,0.211109086721233,0.24424667537598932,0.2576856169784232,0.27988725000717346,9.42184008766983,9.56018220217793,3.75,3.5,-0.004828093729492444,0.017255350862605212,-0.010608953957139788,0.002979357310066044,-0.005452880116245118,0.08155298733989635,0.03600833633510292,-0.0036147358166521704,0.04655131547760116,0.05686372745491064,0.005465803908124345,0.013947425592005791,-0.05631804937892948,0.09850915411533223
2006-04-01,0.13372918576491014,0.15324695371415678,0.17178205465788504,0.1371514213607832,0.1393987859259525,0.11434633667287802,0.11343981239601686,0.18429568408425745,0.20680544008556223,0.16429036740106828,0.17842013251699498,0.11854168071926827,0.12085838832197766,0.17373221889386103,0.1761400543968257,0.11726714647423153,0.13186304511130706,0.12288061819603668,0.125235017238789,0.17101117781487668,0.211109086721233,0.2319451591605532,0.2576856169784232,9.47751751076775,9.42184008766983,4.0,3.75,0.016138795768058323,-0.004828093729492444,0.03452712845807415,-0.010608953957139788,-0.004550821655397996,-0.005452880116245118,-0.030353420475938253,0.03600833633510292,-0.00890361993890898,0.04655131547760116,0.018647517384272838,0.005465803908124345,0.0186506990258688,-0.05631804937892948
2006-05-01,0.12141916938166225,0.13197034382803027,0.15324695371415678,0.1354477316080163,0.1371514213607832,0.11537142483259298,0.11434633667287802,0.1596505396572538,0.18429568408425745,0.14890089559342276,0.16429036740106828,0.11578376575414502,0.11854168071926827,0.17114800244010467,0.17373221889386103,0.1011585008651656,0.11726714647423153,0.12064390808111002,0.12288061819603668,0.12966580610226885,0.17101117781487668,0.20250123356370064,0.2319451591605532,9.84450150420507,9.47751751076775,4.25,4.0,0.007159531656497853,0.016138795768058323,0.0014510779436152088,0.03452712845807415,-0.005074193157485807,-0.004550821655397996,0.061534127100788316,-0.030353420475938253,0.07634972677595586,-0.00890361993890898,-0.01271435717858993,0.018647517384272838,0.10788480745755091,0.0186506990258688
2006-06-01,0.1053128745680185,0.11045415723193203,0.13197034382803027,0.12965369828577153,0.1354477316080163,0.11666971980383536,0.11537142483259298,0.12869725840977045,0.1596505396572538,0.1289606226410949,0.14890089559342276,0.11293355446176606,0.11578376575414502,0.16284725297505412,0.17114800244010467,0.0853502171803346,0.1011585008651656,0.11888649332347348,0.12064390808111002,0.09260887941239923,0.12966580610226885,0.16934429366152468,0.20250123356370064,9.86173025147523,9.84450150420507,4.5,4.25,-0.00681896887392186,0.007159531656497853,-0.017801697371144676,0.0014510779436152088,0.005307539714911824,-0.005074193157485807,0.0736515600154164,0.061534127100788316,0.013341997847409415,0.07634972677595586,0.08823338656981394,-0.01271435717858993,0.02041940670028941,0.10788480745755091
2006-07-01,0.0872866374945873,0.0905246421010508,0.11045415723193203,0.11632046652319139,0.12965369828577153,0.11811566656264061,0.11666971980383536,0.08865386682948997,0.12869725840977045,0.10210113825809411,0.1289606226410949,0.11008869045671792,0.11293355446176606,0.1442506811864336,0.16284725297505412,0.07154332989053439,0.0853502171803346,0.11809793004173147,0.11888649332347348,0.06483265288305708,0.09260887941239923,0.13598083188740162,0.16934429366152468,10.3661377375723,9.86173025147523,4.5,4.5,0.012013489496881746,-0.00681896887392186,0.012644889357218192,-0.017801697371144676,0.0013271313190503786,0.005307539714911824,0.0033181495746814615,0.0736515600154164,-0.035206777190745275,0.013341997847409415,-0.016774659977684903,0.08823338656981394,0.0011969354881895544,0.02041940670028941
2006-08-01,0.07255364340572533,0.074568746509679,0.0905246421010508,0.09689142448779746,0.11632046652319139,0.11948466523935805,0.11811566656264061,0.0441767699592463,0.08865386682948997,0.07138606169399661,0.10210113825809411,0.1076855163827934,0.11008869045671792,0.11665827134513372,0.1442506811864336,0.06213399827592775,0.07154332989053439,0.11857928893047895,0.11809793004173147,0.05076884255486345,0.06483265288305708,0.10805907648592475,0.13598083188740162,10.9277877773441,10.3661377375723,4.5,4.5,0.014356300085080376,0.012013489496881746,0.015469996531390917,0.012644889357218192,0.0017073135148761853,0.0013271313190503786,0.013970216496756116,0.0033181495746814615,0.024414456336281143,-0.035206777190745275,0.0624525549372581,-0.016774659977684903,0.04801502898778787,0.0011969354881895544
2006-09-01,0.06598540010104016,0.0635613128434017,0.074568746509679,0.07950833343472338,0.09689142448779746,0.12096480101894756,0.11948466523935805,0.007285650623795643,0.0441767699592463,0.04579479380208239,0.07138606169399661,0.1062583632227359,0.1076855163827934,0.08910699004797566,0.11665827134513372,0.058848841796786525,0.06213399827592775,0.12071870830321699,0.11857928893047895,0.05196691204590942,0.05076884255486345,0.09053549043333714,0.10805907648592475,9.78131126298561,10.9277877773441,4.5,4.5,0.01630080989745064,0.014356300085080376,0.05062166962699832,0.015469996531390917,-0.0013915277054713515,0.0017073135148761853,-0.05543146227497209,0.013970216496756116,-0.059583466095067594,0.024414456336281143,-0.057111274871040285,0.0624525549372581,-0.01767909712811322,0.04801502898778787
2006-10-01,0.07006964804175814,0.05689547105193927,0.0635613128434017,0.07291419103937055,0.07950833343472338,0.12317500673544156,0.12096480101894756,-0.011302182746511,0.007285650623795643,0.034079334932157056,0.04579479380208239,0.10607283728146488,0.1062583632227359,0.07243930211559163,0.08910699004797566,0.06131718227184232,0.058848841796786525,0.12424576208389061,0.12071870830321699,0.0678632899243906,0.05196691204590942,0.08664522728173993,0.09053549043333714,9.40106707947963,9.78131126298561,4.5,4.5,0.019092796663364275,0.01630080989745064,-0.013459912868196922,0.05062166962699832,-0.00027360634157669317,-0.0013915277054713515,0.029627688584383582,-0.05543146227497209,0.06076100125259298,-0.059583466095067594,0.001817926429355854,-0.057111274871040285,-0.1230219907771557,-0.01767909712811322
2006-11-01,0.08487673763010538,0.054573845986332484,0.05689547105193927,0.0813963424145326,0.07291419103937055,0.1269359424763617,0.12317500673544156,-0.006786632896125564,-0.011302182746511,0.04091700269326769,0.034079334932157056,0.10687349941549128,0.10607283728146488,0.0736487551336955,0.07243930211559163,0.06794622447832781,0.06131718227184232,0.12849255954689404,0.12424576208389061,0.09868536844258319,0.0678632899243906,0.09757704213730088,0.08664522728173993,9.29705045051053,9.40106707947963,4.5,4.5,0.017335207381714568,0.019092796663364275,0.03302135512786708,-0.013459912868196922,-0.00043770252847830093,-0.00027360634157669317,0.09921044548179792,0.029627688584383582,0.2771189184813352,0.06076100125259298,0.06956448202959753,0.001817926429355854,-0.08061491363230977,-0.1230219907771557
2006-12-01,0.10905639588719772,0.0576354612746525,0.054573845986332484,0.10434564163959242,0.0813963424145326,0.1328520900863239,0.1269359424763617,0.02013131383150464,-0.006786632896125564,0.0670747393338732,0.04091700269326769,0.1077457071348931,0.10687349941549128,0.09482825960548438,0.0736487551336955,0.07691379179281141,0.06794622447832781,0.13273897826461323,0.12849255954689404,0.14246946950298747,0.09868536844258319,0.12220258885283355,0.09757704213730088,9.25688997002771,9.29705045051053,4.5,4.5,0.02026126581583365,0.017335207381714568,0.05104319530402601,0.03302135512786708,0.002829535339578637,-0.00043770252847830093,-0.004467385195225493,0.09921044548179792,0.22778702163061837,0.2771189184813352,0.11871817578038524,0.06956448202959753,0.0009338941843861637,-0.08061491363230977
2007-01-01,0.13937946835867118,0.06797271668162937,0.0576354612746525,0.13816546153544423,0.10434564163959242,0.14098089642683775,0.1328520900863239,0.06619905813132232,0.02013131383150464,0.11085654361264008,0.0670747393338732,0.1077656529263157,0.1077457071348931,0.1354350568264606,0.09482825960548438,0.086166446825895,0.07691379179281141,0.13622891764757022,0.13273897826461323,0.19981675719230277,0.14246946950298747,0.15561124732103623,0.12220258885283355,10.0495398442053,9.25688997002771,4.5,4.5,0.02100277007611928,0.02026126581583365,0.04868572816123362,0.05104319530402601,-0.00025805105357246116,0.002829535339578637,-0.022615069398936982,-0.004467385195225493,0.03654515065275543,0.22778702163061837,-0.006732269582910511,0.11871817578038524,0.05095531110675311,0.0009338941843861637
2007-02-01,0.1723643428653911,0.08804407167288951,0.06797271668162937,0.17566411779782715,0.13816546153544423,0.15154219925972187,0.14098089642683775,0.12350736933440873,0.06619905813132232,0.16658031379450677,0.11085654361264008,0.10680038287654482,0.1077656529263157,0.19006471345025566,0.1354350568264606,0.09447169385812214,0.086166446825895,0.1384661437858877,0.13622891764757022,0.274193218777508,0.19981675719230277,0.19323764635766666,0.15561124732103623,8.97487700494481,10.0495398442053,4.5,4.5,0.027225953390507263,0.02100277007611928,0.03322720694645431,0.04868572816123362,-9.426981893245756e-05,-0.00025805105357246116,-0.032619577550210055,-0.022615069398936982,0.0382258535161939,0.03654515065275543,-0.012967174075633303,-0.006732269582910511,-0.11681839615784073,0.05095531110675311
2007-03-01,0.20535799889860656,0.1196414907716794,0.08804407167288951,0.20966542802907492,0.17566411779782715,0.16506959589762954,0.15154219925972187,0.1830983002705455,0.12350736933440873,0.22722809819749457,0.16658031379450677,0.10567193470818892,0.10680038287654482,0.25083337129184624,0.19006471345025566,0.10225339854931616,0.09447169385812214,0.14001692874471125,0.1384661437858877,0.3645492948135183,0.274193218777508,0.2338439901439622,0.19323764635766666,8.87765523227276,8.97487700494481,4.5,4.5,0.023111626588539824,0.027225953390507263,0.016079332175471972,0.03322720694645431,-0.00258795809112633,-9.426981893245756e-05,0.01897572652444235,-0.032619577550210055,0.06785714285714395,0.0382258535161939,0.016593190886857956,-0.012967174075633303,0.08350974222052598,-0.11681839615784073
2007-04-01,0.2361972677899663,0.16135774441205136,0.1196414907716794,0.2366401796077677,0.20966542802907492,0.181162538328427,0.16506959589762954,0.23926063539699371,0.1830983002705455,0.28679749360918627,0.22722809819749457,0.10557604221798608,0.10567193470818892,0.3102761748422811,0.25083337129184624,0.1109929465137877,0.10225339854931616,0.14150752359856467,0.14001692874471125,0.46482741064379385,0.3645492948135183,0.2778126676346921,0.2338439901439622,8.78434648551059,8.87765523227276,4.5,4.5,0.01480103749576167,0.023111626588539824,0.016045434494927235,0.016079332175471972,-0.0034762283856915044,-0.00258795809112633,-0.0006204516370856838,0.01897572652444235,-0.0322999091970424,0.06785714285714395,0.029747072119027607,0.016593190886857956,0.019530028031478963,0.08350974222052598
2007-05-01,0.2668624934486212,0.2083580187757331,0.16135774441205136,0.25624609494732337,0.2366401796077677,0.198883313544568,0.181162538328427,0.2881380157921942,0.23926063539699371,0.34112187449463843,0.28679749360918627,0.10691071680024503,0.10557604221798608,0.3633592346538273,0.3102761748422811,0.12119905226173708,0.1109929465137877,0.1429015564108277,0.14150752359856467,0.5664229939890918,0.46482741064379385,0.32484441564349986,0.2778126676346921,8.62396727844235,8.78434648551059,4.5,4.5,0.014528279772454633,0.01480103749576167,0.06930048298692126,0.016045434494927235,-0.0017788978849526682,-0.0034762283856915044,0.028468366371745102,-0.0006204516370856838,-0.10928124601046851,-0.0322999091970424,0.07440122303380292,0.029747072119027607,0.05871196657226796,0.019530028031478963
2007-06-01,0.299721809800139,0.25750092367215915,0.2083580187757331,0.27395203400085877,0.25624609494732337,0.2174512051345606,0.198883313544568,0.3353170321055221,0.2881380157921942,0.3932457293284727,0.34112187449463843,0.11031390287214606,0.10691071680024503,0.4133460672374964,0.3633592346538273,0.13363797858959744,0.12119905226173708,0.1449924863734968,0.1429015564108277,0.662253977288335,0.5664229939890918,0.37670708253918617,0.32484441564349986,9.0497652837141,8.62396727844235,4.5,4.5,0.021268554126570915,0.014528279772454633,0.07952699959399112,0.06930048298692126,-0.0048946409485898235,-0.0017788978849526682,0.012585887728497447,0.028468366371745102,0.04338478603610585,-0.10928124601046851,0.06124763705103997,0.07440122303380292,-0.00760368067194217,0.05871196657226796
2007-07-01,0.3342330563610851,0.3053361278196861,0.25750092367215915,0.29621126625107036,0.27395203400085877,0.23652275091120503,0.2174512051345606,0.3868513536297807,0.3353170321055221,0.44740195690736373,0.3932457293284727,0.11601338454249209,0.11031390287214606,0.4654895976288855,0.4133460672374964,0.14818150683016887,0.13363797858959744,0.1480817973854319,0.1449924863734968,0.7476679628218651,0.662253977288335,0.4330354920512673,0.37670708253918617,8.98373164744265,9.0497652837141,4.5,4.5,0.021972558852890733,0.021268554126570915,0.012082177612712242,0.07952699959399112,-0.004674962694487861,-0.0048946409485898235,0.11696677245324905,0.012585887728497447,0.04454916294876177,0.04338478603610585,0.01982559688295349,0.06124763705103997,0.06275415772947501,-0.00760368067194217
2007-08-01,0.3677530689865829,0.34795633761837014,0.3053361278196861,0.3249525763138921,0.29621126625107036,0.2559747728480077,0.23652275091120503,0.4417697273949509,0.3868513536297807,0.5035179147935026,0.44740195690736373,0.12295898598347837,0.11601338454249209,0.521722381990061,0.4654895976288855,0.16210400396413602,0.14818150683016887,0.1515631035045228,0.1480817973854319,0.8170706375256358,0.7476679628218651,0.4908199416689197,0.4330354920512673,8.94526044698103,8.98373164744265,4.75,4.5,0.011045006395472345,0.021972558852890733,0.08384429580081765,0.012082177612712242,-0.004732945003934397,-0.004674962694487861,-0.008853876185162202,0.11696677245324905,-0.17412486251255577,0.04454916294876177,0.037069962768820686,0.01982559688295349,0.09639338626052618,0.06275415772947501
2007-09-01,0.39823914132078714,0.38316697196609795,0.34795633761837014,0.3572436029756443,0.3249525763138921,0.27582762503687447,0.2559747728480077,0.49379536251032563,0.4417697273949509,0.5572696510402644,0.5035179147935026,0.1305652388281931,0.12295898598347837,0.5795871422143756,0.521722381990061,0.17257954094966627,0.16210400396413602,0.15529510251963904,0.1515631035045228,0.8639884377466319,0.8170706375256358,0.5464610861560981,0.4908199416689197,9.32473349960874,8.94526044698103,4.75,4.75,0.029760495872450887,0.011045006395472345,0.03154330776153946,0.08384429580081765,-0.0013672045729831162,-0.004732945003934397,0.09920502979816992,-0.008853876185162202,0.00857140968959369,-0.17412486251255577,0.0033097217064570472,0.037069962768820686,-0.022142963213826472,0.09639338626052618
2007-10-01,0.424358024033859,0.410623260290178,0.38316697196609795,0.38983769090705905,0.3572436029756443,0.2960158520499742,0.27582762503687447,0.5381429584746799,0.49379536251032563,0.6047316801432759,0.5572696510402644,0.13895161151386,0.1305652388281931,0.6354162396735387,0.5795871422143756,0.17891866164977588,0.17257954094966627,0.15981857103487365,0.15529510251963904,0.886274603159615,0.8639884377466319,0.5968103421660431,0.5464610861560981,8.39602787699219,9.32473349960874,5.0,4.75,0.01896525205495725,0.029760495872450887,-0.05160164526984923,0.03154330776153946,-0.006087718927392016,-0.0013672045729831162,0.24125380322481105,0.09920502979816992,0.023511604439961253,0.00857140968959369,0.08523945630081231,0.0033097217064570472,0.10036354022076877,-0.022142963213826472
2007-11-01,0.44562691588236336,0.43202353175708796,0.410623260290178,0.41925822697835236,0.38983769090705905,0.31663059147770867,0.2960158520499742,0.571515404905445,0.5381429584746799,0.6431693539311711,0.6047316801432759,0.14863770300509532,0.13895161151386,0.6848990671540902,0.6354162396735387,0.18261522711050387,0.17891866164977588,0.1656865767555473,0.15981857103487365,0.8859230189665352,0.886274603159615,0.6391906693458338,0.5968103421660431,8.5992650216756,8.39602787699219,5.0,5.0,0.026964504678543832,0.01896525205495725,0.09037543260174363,-0.05160164526984923,0.056681863938309984,-0.006087718927392016,0.041936748168470483,0.24125380322481105,0.03561921663075229,0.023511604439961253,0.030211266410355986,0.08523945630081231,0.07762937592220243,0.10036354022076877
2007-12-01,0.4618489136561495,0.4486744468253633,0.43202353175708796,0.4437928883370433,0.41925822697835236,0.3377710714305678,0.31663059147770867,0.5927035969111922,0.571515404905445,0.6709130832347943,0.6431693539311711,0.16077513263474738,0.14863770300509532,0.7243296136151741,0.6848990671540902,0.18625459237463837,0.18261522711050387,0.17347002313546875,0.1656865767555473,0.8646457154439462,0.8859230189665352,0.6727490085883057,0.6391906693458338,8.26667301784684,8.5992650216756,5.0,5.0,0.019413896656777174,0.026964504678543832,0.05857774206508637,0.09037543260174363,-0.001108840774751041,0.056681863938309984,-0.03159196127946029,0.041936748168470483,0.11981504147966726,0.03561921663075229,0.11912612163149028,0.030211266410355986,0.10660190435650696,0.07762937592220243
2008-01-01,0.4741293165310118,0.4608514551933461,0.4486744468253633,0.46290189923277036,0.4437928883370433,0.35905300835595516,0.3377710714305678,0.6017900850090852,0.5927035969111922,0.6865808188573066,0.6709130832347943,0.17673600460037212,0.16077513263474738,0.7503479187219366,0.7243296136151741,0.19259005257552905,0.18625459237463837,0.18373696930522285,0.17347002313546875,0.8216821298476751,0.8646457154439462,0.6986880896922641,0.6727490085883057,9.73533324087828,8.26667301784684,5.0,5.0,0.02540168805673848,0.019413896656777174,0.05089570365872165,0.05857774206508637,-0.004510611572490775,-0.001108840774751041,0.1332440839978506,-0.03159196127946029,0.11545623836126628,0.11981504147966726,0.029149247930094768,0.11912612163149028,-0.033154533075539394,0.10660190435650696
2008-02-01,0.4852273826539728,0.46802781683589323,0.4608514551933461,0.47876377064531267,0.46290189923277036,0.3795638397910422,0.35905300835595516,0.6025830889294389,0.6017900850090852,0.6915701417033921,0.6865808188573066,0.197343951837735,0.17673600460037212,0.7627179441099137,0.7503479187219366,0.20403559797325227,0.19259005257552905,0.19692496637214824,0.18373696930522285,0.7564095450164323,0.8216821298476751,0.7199845555377612,0.6986880896922641,8.47596538456782,9.73533324087828,5.25,5.0,0.01557566327121429,0.02540168805673848,0.11007981508902454,0.05089570365872165,0.03543670081931416,-0.004510611572490775,0.01653580100267482,0.1332440839978506,0.12317630833998439,0.11545623836126628,0.10677616719343863,0.029149247930094768,0.01304659071379266,-0.033154533075539394
2008-03-01,0.4968686228810801,0.45807744435752973,0.46802781683589323,0.5043111969685747,0.47876377064531267,0.39406291142557925,0.3795638397910422,0.6086155346736937,0.6025830889294389,0.6878337329559675,0.6915701417033921,0.22710988597281556,0.197343951837735,0.75795196916426,0.7627179441099137,0.22960998635723004,0.20403559797325227,0.2151986875114958,0.19692496637214824,0.6520954538710341,0.7564095450164323,0.7284884626213407,0.7199845555377612,9.81345929849397,8.47596538456782,5.25,5.25,0.03806697295421091,0.01557566327121429,0.05104597065426031,0.11007981508902454,-0.008988653835784288,0.03543670081931416,0.20321061800154183,0.01653580100267482,0.07697704905925407,0.12317630833998439,0.15824430494187136,0.10677616719343863,0.025807676825967407,0.01304659071379266
2008-04-01,0.5085511019314336,0.44405304092454734,0.45807744435752973,0.5335824570468544,0.5043111969685747,0.4071404509080488,0.39406291142557925,0.6179130940311957,0.6086155346736937,0.6863249458297529,0.6878337329559675,0.25568514808901865,0.22710988597281556,0.7559748280673834,0.75795196916426,0.25389865378985677,0.22960998635723004,0.23270435774607587,0.2151986875114958,0.5479376406519658,0.6520954538710341,0.7295161370180896,0.7284884626213407,9.05250597360972,9.81345929849397,5.25,5.25,0.030838786643803795,0.03806697295421091,0.03931158298768023,0.05104597065426031,-0.010311080557034558,-0.008988653835784288,0.022583095526493402,0.20321061800154183,0.052641955835962095,0.07697704905925407,0.011058292033310435,0.15824430494187136,0.10400890535070162,0.025807676825967407
2008-05-01,0.5200965584545869,0.42828717199494865,0.44405304092454734,0.5641468447772121,0.5335824570468544,0.4199150836463503,0.4071404509080488,0.6277538701761018,0.6179130940311957,0.6856738266004717,0.6863249458297529,0.28343413372168674,0.25568514808901865,0.755716752012891,0.7559748280673834,0.2767869683057185,0.25389865378985677,0.24973272380921419,0.23270435774607587,0.4432850316188978,0.5479376406519658,0.7273699348927374,0.7295161370180896,12.0038907733631,9.05250597360972,5.5,5.25,0.03603822603890405,0.030838786643803795,0.06102573266619005,0.03931158298768023,-0.001539826603477512,-0.010311080557034558,-0.1721485164236466,0.022583095526493402,0.08926169354152158,0.052641955835962095,-0.0027786703609502528,0.011058292033310435,0.06897092462846621,0.10400890535070162
2008-06-01,0.5314983251480496,0.4113660744379296,0.42828717199494865,0.5952932558567993,0.5641468447772121,0.4325647088955299,0.4199150836463503,0.6374607372514296,0.6277538701761018,0.6850650342808211,0.6856738266004717,0.3109073195766854,0.28343413372168674,0.7559451230305458,0.755716752012891,0.29902560732274874,0.2767869683057185,0.2666459536906473,0.24973272380921419,0.33727123947508514,0.4432850316188978,0.7232206895118236,0.7273699348927374,13.5924449287886,12.0038907733631,5.5,5.5,0.01789518011956126,0.03603822603890405,-0.02150175438596491,0.06102573266619005,-0.003681309684951617,-0.001539826603477512,-0.10399787027177343,-0.1721485164236466,-0.00041034058268429874,0.08926169354152158,0.04423112217620484,-0.0027786703609502528,0.11634507846912756,0.06897092462846621
2008-07-01,0.5428001205214328,0.39358377858939975,0.4113660744379296,0.626801031621593,0.5952932558567993,0.4451028143293875,0.4325647088955299,0.6469915802708613,0.6374607372514296,0.6842294809684137,0.6850650342808211,0.3384076531016057,0.3109073195766854,0.7561257039044714,0.7559451230305458,0.32108339538701514,0.29902560732274874,0.2836243660147913,0.2666459536906473,0.22956339622884392,0.33727123947508514,0.7175009174492363,0.7232206895118236,13.8567399133011,13.5924449287886,5.75,5.5,0.013576949234889168,0.01789518011956126,0.018904730485670873,-0.02150175438596491,-0.007637247504660882,-0.003681309684951617,0.021662357570690682,-0.10399787027177343,0.16932520134490625,-0.00041034058268429874,0.05562457288703504,0.04423112217620484,0.06525662494168327,0.11634507846912756
2008-08-01,0.5540254983368029,0.3751122955762566,0.39358377858939975,0.6586192333284582,0.626801031621593,0.4574923884829529,0.4451028143293875,0.6564946385007889,0.6469915802708613,0.6831258102232094,0.6842294809684137,0.3660842795018078,0.3384076531016057,0.7559929639123275,0.7561257039044714,0.3432901104169119,0.32108339538701514,0.3007305851592406,0.2836243660147913,0.1202590430924681,0.22956339622884392,0.7104713925023441,0.7175009174492363,12.6226810811728,13.8567399133011,6.0,5.75,0.003721746444004248,0.013576949234889168,-0.019004448448673883,0.018904730485670873,-0.005524034728116467,-0.007637247504660882,-0.05900633459249405,0.021662357570690682,-0.08521035546956346,0.16932520134490625,-0.03037859738739035,0.05562457288703504,7.469375560198444e-05,0.06525662494168327
2008-09-01,0.5651988002962068,0.356038844100407,0.3751122955762566,0.6907228483474669,0.6586192333284582,0.4696795384066849,0.4574923884829529,0.6660961432508137,0.6564946385007889,0.6817382705403542,0.6831258102232094,0.39401444643118905,0.3660842795018078,0.7553514942322825,0.7559929639123275,0.36587354886015844,0.3432901104169119,0.317970136693778,0.3007305851592406,0.009604286376717827,0.1202590430924681,0.7022996074320137,0.7104713925023441,11.4728760740044,12.6226810811728,6.25,6.0,0.0050086178100472445,0.003721746444004248,0.0021238125304938738,-0.019004448448673883,-0.005870188615946459,-0.005524034728116467,-0.012196704294796912,-0.05900633459249405,-0.16070073870528923,-0.08521035546956346,-0.15607545568340175,-0.03037859738739035,-0.12856147014784514,7.469375560198444e-05
2008-10-01,0.5763372107438705,0.3364126793608244,0.356038844100407,0.7231168723774756,0.6907228483474669,0.4816237253940214,0.4696795384066849,0.6759094572666899,0.6660961432508137,0.680067387017564,0.6817382705403542,0.422250468984594,0.39401444643118905,0.7540963316424711,0.7553514942322825,0.38897293397210164,0.36587354886015844,0.3353487176907075,0.317970136693778,-0.10206762332742186,0.009604286376717827,0.6930717705392143,0.7022996074320137,10.7876011054917,11.4728760740044,6.5,6.25,0.01759613717302755,0.0050086178100472445,-0.00615745911733534,0.0021238125304938738,-0.0056400231941106105,-0.005870188615946459,-0.12549424012685884,-0.012196704294796912,-0.006954484488493451,-0.16070073870528923,-0.07823080247803504,-0.15607545568340175,-0.10387149699108222,-0.12856147014784514
2008-11-01,0.5874902997867772,0.3162466376276635,0.3364126793608244,0.7558178852237547,0.7231168723774756,0.4932950002678716,0.4816237253940214,0.6860142609499218,0.6759094572666899,0.6781427712932986,0.680067387017564,0.45079045716105653,0.422250468984594,0.7522091451036312,0.7540963316424711,0.412632897052455,0.38897293397210164,0.35286155902680044,0.3353487176907075,-0.2145310503634499,-0.10206762332742186,0.6827586806911751,0.6930717705392143,11.862506253031,10.7876011054917,6.5,6.5,0.003966183227424036,0.01759613717302755,-0.07979367183447639,-0.00615745911733534,-0.006093923709230342,-0.0056400231941106105,-0.20620658125392244,-0.12549424012685884,-0.26078548348995534,-0.006954484488493451,-0.24447487761359232,-0.07823080247803504,-0.26718915845140323,-0.10387149699108222
2008-12-01,0.5986818729314798,0.29551397984986927,0.3162466376276635,0.7889264314860454,0.7558178852237547,0.5046732612484719,0.4932950002678716,0.6965550159403784,0.6860142609499218,0.6761135836127221,0.6781427712932986,0.47955963552362607,0.45079045716105653,0.7498649704602335,0.7522091451036312,0.4367869924869157,0.412632897052455,0.37048449796117,0.35286155902680044,-0.3276119319245402,-0.2145310503634499,0.671224518116021,0.6827586806911751,10.084114118979,11.862506253031,6.5,6.5,0.006653338408811438,0.003966183227424036,-0.03015689099051133,-0.07979367183447639,-0.003080715054006533,-0.006093923709230342,0.02193960750501467,-0.20620658125392244,-0.09090800762630824,-0.26078548348995534,-0.10256375985711008,-0.24447487761359232,-0.2539499965953199,-0.26718915845140323
