Fecha,CPI,CPI Tradable,CPI Non-Tradable,CPI Core,CPI Non-Core,CPI Food and Energy,CPI Excluding Food and Energy,CPI Food and Beverages,CPI Excluding Food and Beverages,CPI Core Excluding Food and Beverages,CPI Imported,Wholesale Price Index,Reserve Requirement Rate,Monetary Policy Rate,Circulating Currency Seasonally Adjusted (mill S/),Net International Reserves (mill $),Real Minimum Wage (Index),Wheat (US$ per ton),Corn  (US$ per ton),Soybean oil (US$ per ton),Crude oil (US$ per barrel)
2003-10-01,0.4922467512477994,0.46073031631630795,0.5140694418614694,0.0912669896711292,1.0782106766558608,0.9165993296876994,-0.008282152101570501,0.9870348897912614,0.05029406247305404,0.031115990910652064,1.05628587917323,0.646277225940076,10.3499444005604,2.75,0.010225493786262252,0.005542214069908846,0.056953017923109694,0.01658760612744059,-0.02780771718042685,0.18123217764026145,0.06579705516872836
2003-11-01,0.46546244094006295,0.4494187249330879,0.4764864941682557,0.09284210606237259,1.0093685146750684,0.8580809174658913,0.0023397418826903603,0.9092634800765306,0.06931811105043881,0.03254904332232989,1.0141460118166559,0.6152185591626744,11.6906076799113,2.5,0.011444806359083515,0.050288348774020886,-0.001674037902471004,0.11520537359567573,0.07536585365853665,0.017021681247622267,0.02271476678369244
2003-12-01,0.43841329140730184,0.43707500636568586,0.43918307438925996,0.09429647070591898,0.9401088038825081,0.7992796692032575,0.012735682787193447,0.8319094830816618,0.08747170486531246,0.033943745577926863,0.9700340647136829,0.5829565997725004,11.3911780648162,2.5,0.01660710694037637,-0.010532468004586515,-0.005607882191473457,0.037146009562339044,0.04884278205646608,0.05125448028673851,0.03781482874843456
2004-01-01,0.41113760354145396,0.42383857328872976,0.40212169666092057,0.09561979442923497,0.8705405054657122,0.7402415293636203,0.022935968309769766,0.7549266147393326,0.10486443854326753,0.035360113047140325,0.9245422350291826,0.5496418054367282,10.6340298884779,2.5,0.019489990994957074,0.03623310162470883,-0.005345743847484208,0.0035460992907803135,0.06255769428014624,0.026779902674890277,0.06151696391202677
2004-02-01,0.3837001605336949,0.40985225679864895,0.3653067902291439,0.09679518827891773,0.80084285252909,0.681065091774892,0.032966941424774,0.6782928089672696,0.12163434711249958,0.036840159578595426,0.8784095669920382,0.5155016907566548,10.7182950603118,2.5,0.017002527731173833,-0.005742569142382248,-0.010744158792175718,-0.01999411071849244,0.0818871415356146,0.08796299091375648,0.015737896738335477
2004-03-01,0.3561724345686378,0.39521900113879865,0.3287890218999833,0.09782991994712048,0.7311807183485451,0.6218509231794896,0.04285895791870913,0.6020291940853989,0.13788894066039709,0.03842508753474355,0.8319356144912224,0.4809057738537237,10.2072768102448,2.5,0.022076483035349703,-0.008751351310997357,-0.0045833812425245535,0.0005708963072024176,0.07370693885563018,0.047541513316042394,0.0581884704913056
2004-04-01,0.32850920390891675,0.37992173051238326,0.2925074462295068,0.09870917012892089,0.661467013511901,0.5625054478803664,0.052613227632016236,0.5259535525189222,0.1536949664345244,0.04010795492787275,0.785009293850681,0.44614782466596364,10.0587013909025,2.5,0.021821669221439022,0.0057546188671246945,0.00022775261085916654,0.02391482391482569,0.04529527450002124,-0.020193447119885355,0.0006042856681818254
2004-05-01,0.30072377727086946,0.3638919560279191,0.2565375285792965,0.09943518396459429,0.5917281570812069,0.5030261633369197,0.062250687132988626,0.4499777371849569,0.1691488874689733,0.041881736163438564,0.7373746243312777,0.4115224744002497,10.3650488886592,2.5,0.0286226101994016,0.0336909103416525,-0.003525970710338666,-0.03112136978718716,-0.04145171705738071,-0.047734902784643984,0.09541854066453959
2004-06-01,0.2730470123739354,0.3471232106735067,0.22128752372816526,0.10004556568435988,0.5224628998944792,0.44375733516760035,0.07185590464313632,0.3743768506027162,0.18444059091689322,0.04376530829355814,0.6886310926302223,0.3774058996636749,11.155937726367,2.5,0.012247972358272907,0.002865877565568331,-0.005606460662173629,-0.042207324200574714,-0.05546892740897502,-0.059038188577222095,-0.05535269932550524
2004-07-01,0.24585689780928133,0.3292362063042737,0.1876884377101313,0.10058761576912705,0.4545185245369948,0.38528386381735014,0.08155744074546747,0.2999177080631469,0.19961687513277454,0.04571157460480351,0.6371493953881575,0.34379031610753763,12.4785305242137,2.5,0.007970678616386895,0.018587686149079685,-0.0019273642173724959,-0.027610975434562035,-0.17553012453719552,-0.05112153621045934,0.06897416903629972
2004-08-01,0.2188472085395738,0.30670099211112684,0.15774718769477195,0.1008444055096165,0.387545689887114,0.32761329729048433,0.09074622932423965,0.22890286721946915,0.21213161508175687,0.04710588209645751,0.5734743138462662,0.3070578729997846,11.0031447940749,2.75,0.0016424309916576174,-0.008515404381656877,9.541548256231103e-05,-0.061931213804515384,-0.048989589712185366,-0.08355589469668134,0.10412312369370924
2004-09-01,0.19431362445399228,0.2709771345506146,0.14122123178689064,0.10000993201654168,0.32878411156841314,0.27860365874439064,0.09517807492169544,0.18055905572441883,0.20899108067702343,0.050203870410171055,0.4924868634371652,0.26270334882862895,9.79575167249491,2.75,0.03663153124516505,0.02045196985619735,-0.00016686927460762835,0.07584729746755547,-0.0847821420905781,-0.003833610879821925,0.020974419711095926
2004-10-01,0.17343645815748548,0.2351619352476642,0.13097720552821057,0.09945003764709069,0.27869792354472467,0.23704909005424993,0.09863061520595735,0.14428076110218452,0.2018449008086482,0.05467674520327007,0.4137156151855855,0.2199344463232215,9.93580576416647,3.0,0.022797936628174753,0.08753108179435687,0.00023752729493287106,-0.011669148277651753,-0.11109622085231796,-0.11745843791745425,0.160940851419638
2004-11-01,0.15647399053772704,0.20274866153520588,0.12493068012175047,0.09867805483530173,0.2385483120280475,0.20304409908198437,0.10179990362632976,0.11659042877418357,0.19444743626312347,0.060488140878156765,0.34882801448433326,0.18388982887612826,9.13248713228398,3.0,0.0200811480630676,0.014108953598653384,-0.002861867699140097,0.04830259583076013,0.004145936981757803,-0.009958508563247315,-0.08818187511742914
2004-12-01,0.14239336647806108,0.1761290573587284,0.11962962030139436,0.09727517755731366,0.2063822258289287,0.17482174007525172,0.10450701581946217,0.0927219727855566,0.1890519371533919,0.06721325922488182,0.30410845200745795,0.1590278377768371,9.99051988942136,3.0,0.025998702621055747,0.023795136197616307,9.356295527029879e-05,0.005715521350887931,0.04473485800452415,-0.04978809795931105,-0.10795653069817845
2005-01-01,0.13038182455026576,0.15546059941245918,0.11368863837164345,0.09539736137899242,0.1800774330306512,0.15086598523606368,0.10659540481911534,0.07128956114936884,0.18520293548181416,0.07476509268245334,0.27387604814975586,0.14772439855522052,9.31058194949794,3.0,0.02312355254167775,0.039108455047682567,-0.0010004930587689254,-0.007874650612772927,-0.0022452088846125484,-0.06043662098310287,0.08364431652804605
2005-02-01,0.11968696409648512,0.13890968959409578,0.10712879356968963,0.09314036637477294,0.15760062677768705,0.12981495774119306,0.10798310725607978,0.05230270357762033,0.181445071117322,0.08270931019138651,0.25106068604825654,0.14816170020923752,8.91552852616557,3.0,0.02228216703355934,0.01546666666666674,0.002351721131589324,-0.027507788161993618,0.008964879852125796,0.016506863730968657,0.02669035172308698
2005-03-01,0.11250613742819777,0.12545005476692286,0.1043566443816101,0.09143317049276724,0.1427595728792054,0.11538397291184599,0.10898775174558503,0.04074035152101373,0.17751315020999056,0.09126102936754674,0.2332009559543272,0.15993778557059043,8.88611081060213,3.0,0.018802825763763575,0.017031812725090134,-0.006459959128311543,-0.15856883999938698,0.0538012115129578,0.14364514966953013,0.12092560563003896
2005-04-01,0.11233156784653237,0.11581814499091637,0.11080992755146948,0.09116273123845117,0.14260648738785736,0.11364398769852921,0.11008409973216646,0.043716198722292876,0.17384592317008477,0.10038271525523018,0.2192614112020511,0.18209907063401012,9.18302020453614,3.0,0.025102095782753242,0.00545924013279242,-0.0011868267887240602,0.09628957021945639,-0.01329230104740331,-0.021819310881666776,-0.018693198007541767
2005-05-01,0.11971366573587792,0.1105929066034673,0.12705402626483342,0.09248070366179259,0.15824657161020175,0.12581355675074365,0.11112214030496013,0.06295387334943907,0.17012466287632302,0.1089437294101572,0.20883667118828614,0.21005068052336826,9.48836756286253,3.0,0.028750450793467053,0.028395333480079277,-0.0012617106651862109,0.019421460270115487,-0.006532732306707145,0.009844153707518455,-0.05780934388829728
2005-06-01,0.1331962746173097,0.11117792898244437,0.1495957620095209,0.09534661845603212,0.18620819877174247,0.1492563814755066,0.11222878808207087,0.0956507263378389,0.1662439243622265,0.11621856973890357,0.20241842524685502,0.23905197762496716,9.84816848681634,3.0,0.02522397557503364,-0.014126712328767166,-0.0026304845721162318,0.011334427549468673,0.04643288996372408,0.046847967653519174,0.1296259197202605
2005-07-01,0.15102419509485193,0.11942992392898809,0.17412574502330253,0.09946914909736751,0.22269020740874784,0.18003967757786538,0.11418302321101971,0.13718658327137398,0.16287821009616515,0.12260016141593666,0.202570975163616,0.266239954205778,10.8921658343438,3.0,0.020155675709270238,0.10602113185699813,-0.0010450197222716673,0.011722127685019679,0.08466219859795165,0.03975991079773755,0.0464874085965401
2005-08-01,0.16848535916153531,0.13415662226483654,0.19348800737263572,0.1039315162824985,0.25790481500548906,0.20984371958657752,0.11672275092801965,0.17691102852172452,0.16062977888114005,0.12747215519173027,0.2136100378381633,0.28895854735824855,9.97055335628208,3.0,0.017666948013411954,-0.10848655368710336,0.001799288861903392,0.0324646320380888,-0.09633152173912995,-0.07569914270165756,0.1012932569521463
2005-09-01,0.18106142156090374,0.15300650165236743,0.2016336279365372,0.10762856097603246,0.2827128939407482,0.23079832508293227,0.1193174523249231,0.20449067068937,0.16005034493201314,0.13030094294765518,0.2347193121692249,0.3052636256737359,10.0011055375802,3.0,0.012434958366885684,0.005137614678899061,0.0009436752884905975,0.09130292918813132,-0.11016115143314065,-0.02058677258278141,0.010180789063612972
2005-10-01,0.18582810103074376,0.17135560625773,0.19677321084350716,0.10994543963068311,0.2908749728975572,0.23792236163222683,0.12156564825001355,0.214817326375026,0.16014686584249083,0.13102673906083745,0.256726083014207,0.3132261488267159,9.28292931649162,3.0,0.019634611396136314,-0.01080686381891205,-0.0014457116281709759,0.057018267591239846,-0.04703863527392982,0.050636455016018767,-0.051910673771458415
2005-11-01,0.18268988545579262,0.18442498650101463,0.18217441897870656,0.11118800616748896,0.2817368141634402,0.23117425117477122,0.12307915645674998,0.21046537014250696,0.15824635480114468,0.13043200986341474,0.26827936564203836,0.31130059730174753,9.22842401578731,3.0,0.007616925307759592,-0.00029526832509041423,-0.0006799843313103349,-0.029367985652425488,0.02211159071048341,-0.06839998855499718,-0.06299687978621737
2005-12-01,0.1740127403137831,0.18935953844613906,0.16388084563267272,0.11214920357215025,0.2598176827377794,0.21494224989903882,0.12378628225537909,0.19783996019099664,0.1531561431553367,0.12930671903796895,0.26261283576001293,0.30037789392670167,9.26077066269383,3.25,0.019379887934251716,0.040906741490068566,-0.004174748751111235,0.021286065874219773,0.08596300326441764,-0.07223767484984145,0.01790335151987521
2006-01-01,0.1631787113712172,0.1843023641620699,0.1489098565740012,0.11294771944441888,0.23296535935890528,0.1956737930377794,0.12340314381123325,0.18457892585389574,0.1445236773915322,0.12775512039607975,0.24035544594181146,0.2817168658713274,9.56018220217793,3.5,0.017255350862605212,0.002979357310066044,0.08155298733989635,-0.0036147358166521704,0.05686372745491064,0.013947425592005791,0.09850915411533223
2006-02-01,0.15320095217237956,0.17043213944703706,0.14159704202300277,0.11374355910820498,0.20819781394603745,0.17882529216787002,0.1220688351450774,0.1770804323364069,0.13243390383603812,0.12587808739938347,0.2057321747737411,0.25745312537194304,9.42184008766983,3.75,-0.004828093729492444,-0.010608953957139788,-0.005452880116245118,0.03600833633510292,0.04655131547760116,0.005465803908124345,-0.05631804937892948
2006-03-01,0.14352705631199442,0.15054450048897144,0.1390626075101822,0.11449687714690224,0.18424227871654542,0.16334509003964923,0.11981877782466546,0.1736403794729555,0.11738268565543039,0.12360329587788543,0.16368921862976887,0.22864296153861635,9.47751751076775,4.0,0.016138795768058323,0.03452712845807415,-0.004550821655397996,-0.030353420475938253,-0.00890361993890898,0.018647517384272838,0.0186506990258688
2006-04-01,0.13278219545752862,0.12847078942853052,0.13625732251407455,0.11524729502950391,0.15769934530877794,0.14627833124853154,0.11698336479362714,0.16942439726403194,0.10092817718510687,0.12132285477121585,0.12129012677386194,0.19584541571086156,9.84450150420507,4.25,0.007159531656497853,0.0014510779436152088,-0.005074193157485807,0.061534127100788316,0.07634972677595586,-0.01271435717858993,0.10788480745755091
2006-05-01,0.11972258857633679,0.10719381274931168,0.1290063437079586,0.11612647801666821,0.12551953431010257,0.1251793251273591,0.1138937052928417,0.15956427407717244,0.08515561074303632,0.11937961179850665,0.08535647347818921,0.16038335824498268,9.86173025147523,4.5,-0.00681896887392186,-0.017801697371144676,0.005307539714911824,0.0736515600154164,0.013341997847409415,0.08823338656981394,0.02041940670028941
2006-06-01,0.1032670563036191,0.08827794285535623,0.1143628973135695,0.11704201103281266,0.08531797037491569,0.09805563828757671,0.11059425868307482,0.1399975157917605,0.07162515288135499,0.11815628050548721,0.06075134251852115,0.12627796069122282,10.3661377375723,4.5,0.012013489496881746,0.012644889357218192,0.0013271313190503786,0.0033181495746814615,-0.035206777190745275,-0.016774659977684903,0.0011969354881895544
2006-07-01,0.08504808198800203,0.07346696794060972,0.09380101999021918,0.11790703734576499,0.04100895990447128,0.06751879214060032,0.10754289724001195,0.11182149224266826,0.0624264002837446,0.1180245959628786,0.050808518909074514,0.09905304575251087,10.9277877773441,4.5,0.014356300085080376,0.015469996531390917,0.0017073135148761853,0.013970216496756116,0.024414456336281143,0.0624525549372581,0.04801502898778787
2006-08-01,0.07033595959602726,0.06348962047846042,0.07573024731012283,0.1190859756576284,0.004536476566630111,0.042445019253420195,0.10550610997734429,0.08429598846906212,0.05914265348718045,0.11967917698703058,0.0558802590212705,0.08387342020473339,9.78131126298561,4.5,0.01630080989745064,0.05062166962699832,-0.0013915277054713515,-0.05543146227497209,-0.059583466095067594,-0.057111274871040285,-0.01767909712811322
2006-09-01,0.06435012284528194,0.05760162971472407,0.0695772157354262,0.12133735245832769,-0.012739074899500394,0.03200854787045122,0.10499229949411655,0.06877583321615047,0.06158704310914518,0.12310446728856654,0.0748696428625637,0.08412787468295772,9.40106707947963,4.5,0.019092796663364275,-0.013459912868196922,-0.00027360634157669317,0.029627688584383582,0.06076100125259298,0.001817926429355854,-0.1230219907771557
2006-10-01,0.0694551734655049,0.05571566632239911,0.07948743577471876,0.12551850711431822,-0.00637431310920777,0.04071512924421306,0.10570405536670847,0.0720041417267883,0.06820408991082982,0.12757019208579853,0.1075169346593039,0.1003172089249412,9.29705045051053,4.5,0.017335207381714568,0.03302135512786708,-0.00043770252847830093,0.09921044548179792,0.2771189184813352,0.06956448202959753,-0.08061491363230977
2006-11-01,0.08546093892459472,0.05873761427775888,0.10451296011968704,0.13220602230605008,0.022347319997656254,0.06885433007844172,0.10673230199324413,0.09559207546761134,0.0771389996489911,0.13226952494824867,0.15101584365805903,0.13044605654274016,9.25688997002771,4.5,0.02026126581583365,0.05104319530402601,0.002829535339578637,-0.004467385195225493,0.22778702163061837,0.11871817578038524,0.0009338941843861637
2006-12-01,0.11076869125802516,0.06850956074039935,0.14066964132440413,0.14123356497715736,0.06989110054592113,0.11415672286047529,0.10733724245183866,0.13842515803632047,0.08641932414190866,0.13635849007770662,0.2060223248581105,0.16836142715869168,10.0495398442053,4.5,0.02100277007611928,0.04868572816123362,-0.00025805105357246116,-0.022615069398936982,0.03654515065275543,-0.006732269582910511,0.05095531110675311
2007-01-01,0.14183440379997453,0.0877264741502714,0.18004793847595832,0.1526701399658132,0.12780414910031934,0.17044502317102336,0.10735743344110775,0.19435931149783875,0.09493817788018975,0.13929680911025913,0.2773992241055854,0.20803057930664823,8.97487700494481,4.5,0.027225953390507263,0.03322720694645431,-9.426981893245756e-05,-0.032619577550210055,0.0382258535161939,-0.012967174075633303,-0.11681839615784073
2007-02-01,0.1749290424763334,0.11825853558880499,0.21498953843648572,0.16693463186282848,0.18672283238035758,0.2304910391724409,0.10732946392766751,0.25520646235399436,0.10291192800774641,0.14162187416789063,0.36464370422760173,0.24728272716683145,8.87765523227276,4.5,0.023111626588539824,0.016079332175471972,-0.00258795809112633,0.01897572652444235,0.06785714285714395,0.016593190886857956,0.08350974222052598
2007-03-01,0.20688047678202587,0.15866799596973463,0.2411091624585389,0.18335643438583613,0.2400727559867131,0.287743660807793,0.1079416550783364,0.3129333687871669,0.11131955574367826,0.1436856900150794,0.46147517195333965,0.285680418220433,8.78434648551059,4.5,0.01480103749576167,0.016045434494927235,-0.0034762283856915044,-0.0006204516370856838,-0.0322999091970424,0.029747072119027607,0.019530028031478963
2007-04-01,0.2353478862809355,0.20480742437287267,0.2572799005755625,0.20077906391181785,0.28379864091641094,0.33788200843529925,0.1092822074053875,0.3617291589445581,0.12102248739142323,0.1451688586791909,0.5603621255905941,0.3243066253949279,8.62396727844235,4.5,0.014528279772454633,0.06930048298692126,-0.0017788978849526682,0.028468366371745102,-0.10928124601046851,0.07440122303380292,0.05871196657226796
2007-05-01,0.26370432677251643,0.25416368188310157,0.2709117428167969,0.2184713595976215,0.3266312455557312,0.3863847921801012,0.11193904915744507,0.40719382900538603,0.13324631645675591,0.14683280132426937,0.6555341816022682,0.368385326061829,9.0497652837141,4.5,0.021268554126570915,0.07952699959399112,-0.0048946409485898235,0.012585887728497447,0.04338478603610585,0.06124763705103997,-0.00760368067194217
2007-06-01,0.2954404944294639,0.30284979963599545,0.290687966526951,0.2363316240184931,0.37698925296323305,0.4394430463940625,0.11630639066525608,0.45722827240334407,0.1476155549272805,0.1488749381861217,0.7418207842293217,0.4193493492695107,8.98373164744265,4.5,0.021972558852890733,0.012082177612712242,-0.004674962694487861,0.11696677245324905,0.04454916294876177,0.01982559688295349,0.06275415772947501
2007-07-01,0.32977145845574524,0.3461836574378328,0.3186301422249507,0.2545589949833859,0.43299291887833385,0.4964756638670432,0.12158019705178716,0.5138419373112223,0.16092485359308373,0.15081692502491686,0.8121248686628586,0.4741088827277433,8.94526044698103,4.75,0.011045006395472345,0.08384429580081765,-0.004732945003934397,-0.008853876185162202,-0.17412486251255577,0.037069962768820686,0.09639338626052618
2007-08-01,0.3636441875513198,0.3821003930397058,0.3510143658394147,0.273469474158738,0.48706907578275843,0.55208901482747,0.12759372900297572,0.5738662268091282,0.1701313786626253,0.15305005432288743,0.8588516723228542,0.5294188573375922,9.32473349960874,4.75,0.029760495872450887,0.03154330776153946,-0.0013672045729831162,0.09920502979816992,0.00857140968959369,0.0033097217064570472,-0.022142963213826472
2007-09-01,0.39512377220145967,0.41054953806763456,0.3845692824773113,0.29326628694393797,0.5342745347946698,0.6022008717460531,0.13485536630518302,0.6329328703580815,0.17533090688946656,0.15668089256706696,0.881028887636698,0.5831451610055554,8.39602787699219,5.0,0.01896525205495725,-0.05160164526984923,-0.006087718927392016,0.24125380322481105,0.023511604439961253,0.08523945630081231,0.10036354022076877
2007-10-01,0.42257612335118283,0.4333319621778073,0.4152810525003684,0.3140798816605829,0.570482058496025,0.6434443710694314,0.1439405638457127,0.6854302855020918,0.1786299973820554,0.16245228566292758,0.8821885217332348,0.632432147888613,8.5992650216756,5.0,0.026964504678543832,0.09037543260174363,0.056681863938309984,0.041936748168470483,0.03561921663075229,0.030211266410355986,0.07762937592220243
2007-11-01,0.4454591999411057,0.45160286272547107,0.4414624152554187,0.33589857829915437,0.5944886088326004,0.6737613709408223,0.15633293519903227,0.7269854007785763,0.18313439872495738,0.17086253922748565,0.8644762074139847,0.6760251014220073,8.26667301784684,5.0,0.019413896656777174,0.05857774206508637,-0.001108840774751041,-0.03159196127946029,0.11981504147966726,0.11912612163149028,0.10660190435650696
2007-12-01,0.4637723314660723,0.46511783767893794,0.4632545265492365,0.3579619965532992,0.6074084682862406,0.69170976791193,0.17399490957632507,0.754529530311988,0.19179548969808569,0.18224931339664116,0.8269327899372536,0.7136800664463165,9.73533324087828,5.0,0.02540168805673848,0.05089570365872165,-0.004510611572490775,0.1332440839978506,0.11545623836126628,0.029149247930094768,-0.033154533075539394
2008-01-01,0.4783495912696491,0.47303439028558186,0.4825602717925918,0.379391639089471,0.6124486908392657,0.6985967886957887,0.19747295530715758,0.7679892076476663,0.20658630907607858,0.19677986467458275,0.7681363741208102,0.7447949498942719,8.47596538456782,5.25,0.01557566327121429,0.11007981508902454,0.03543670081931416,0.01653580100267482,0.12317630833998439,0.10677616719343863,0.01304659071379266
2008-02-01,0.4904818178334336,0.47334084747755445,0.5028992884894972,0.3989735769012917,0.6143414828115316,0.6980112683888207,0.2252609182650973,0.7707414236073012,0.2269407109045142,0.21381102345806077,0.6883768529757953,0.7673204510613878,9.81345929849397,5.25,0.03806697295421091,0.05104597065426031,-0.008988653835784288,0.20321061800154183,0.07697704905925407,0.15824430494187136,0.025807676825967407
2008-03-01,0.5011230796684234,0.4637906484822714,0.5274380824353351,0.41576941227333397,0.6166135990237033,0.6940045892840161,0.2547039657905691,0.7688922600565936,0.24919399391857208,0.2318770830807255,0.5884180937779897,0.7752400272792305,9.05250597360972,5.25,0.030838786643803795,0.03931158298768023,-0.010311080557034558,0.022583095526493402,0.052641955835962095,0.011058292033310435,0.10400890535070162
2008-04-01,0.5087151128816028,0.4411028456090032,0.5558515764493082,0.42929872804739916,0.6162513482984392,0.6857812145421419,0.2830086534081247,0.7652292250438902,0.2674684243772865,0.24972244160301313,0.46570953247561564,0.760001694592518,12.0038907733631,5.5,0.03603822603890405,0.06102573266619005,-0.001539826603477512,-0.1721485164236466,0.08926169354152158,-0.0027786703609502528,0.06897092462846621
2008-05-01,0.5089852183301317,0.40338950907250143,0.5822426437223267,0.439731684510614,0.6029357608181329,0.6666586057299895,0.30845499709448104,0.7556721896969222,0.2768281644639054,0.2670583915071518,0.3181494130774036,0.7151801728033202,13.5924449287886,5.5,0.01789518011956126,-0.02150175438596491,-0.003681309684951617,-0.10399787027177343,-0.00041034058268429874,0.04423112217620484,0.11634507846912756
2008-06-01,0.4999393087344857,0.35337431565461463,0.6013212456826018,0.4468364250424418,0.5722616961072209,0.6336987091755175,0.3299341386689375,0.7367782394296108,0.2763931241349249,0.2837994902164177,0.15299353848608724,0.641070672258547,13.8567399133011,5.75,0.013576949234889168,0.018904730485670873,-0.007637247504660882,0.021662357570690682,0.16932520134490625,0.05562457288703504,0.06525662494168327
2008-07-01,0.48192245311370907,0.2962411527802655,0.6100588313840668,0.4498026858356544,0.5261435808825088,0.5885928251076558,0.3463223472164752,0.7072928394198472,0.26827191201970624,0.29866312500720443,-0.016476828201315488,0.5422946558611782,12.6226810811728,6.0,0.003721746444004248,-0.019004448448673883,-0.005524034728116467,-0.05900633459249405,-0.08521035546956346,-0.03037859738739035,7.469375560198444e-05
2008-08-01,0.455799832050252,0.23751584658656216,0.6061637287699893,0.4480840911162863,0.4673956073786809,0.533728450262847,0.3568679707749337,0.6661532796027452,0.25545705586509426,0.3102787821239128,-0.17554050583049743,0.4249615416219526,11.4728760740044,6.25,0.0050086178100472445,0.0021238125304938738,-0.005870188615946459,-0.012196704294796912,-0.16070073870528923,-0.15607545568340175,-0.12856147014784514
2008-09-01,0.4213700947721881,0.1823995977713001,0.585784164823393,0.44150903366016936,0.3956613111973835,0.4686326074032102,0.361810219995789,0.6104143948435984,0.24050299615321197,0.3177862511054454,-0.31459652811856886,0.29744874364040713,10.7876011054917,6.5,0.01759613717302755,-0.00615745911733534,-0.0056400231941106105,-0.12549424012685884,-0.006954484488493451,-0.07823080247803504,-0.10387149699108222
2008-10-01,0.3802857767462641,0.13411634349549204,0.5495426804753025,0.42976949433136724,0.3149235856989469,0.39577520357827844,0.36143042944699844,0.541645969096913,0.22499819759509757,0.3209678548990548,-0.4302148594395186,0.16927282804199847,11.862506253031,6.5,0.003966183227424036,-0.07979367183447639,-0.006093923709230342,-0.20620658125392244,-0.26078548348995534,-0.24447487761359232,-0.26718915845140323
2008-11-01,0.3347371357601575,0.09365729260275645,0.5004598255526173,0.4125376928938068,0.23066532693289535,0.31942571711641427,0.3551454645760395,0.4646025931024974,0.20869678020802399,0.31936065723313695,-0.5192713956729744,0.045849503917768104,10.084114118979,6.5,0.006653338408811438,-0.03015689099051133,-0.003080715054006533,0.02193960750501467,-0.09090800762630824,-0.10256375985711008,-0.2539499965953199
2008-12-01,0.2872378542311495,0.06067995232385861,0.44301802679708613,0.3904773171073464,0.14816855396057357,0.2453885322609201,0.34156524772140917,0.3870070196679835,0.18944996407259312,0.31220243263085895,-0.5813433015120009,-0.06956526604157968,12.516334174122,6.5,-0.005560794574124728,0.00729738456570872,-0.003589304919205949,-0.012756435534606592,-0.010237118401909218,-0.07752379843460477,-0.28743052856476736
2009-01-01,0.24033308921292634,0.03314551257033857,0.38289386627069616,0.36452650832535954,0.07257519260239373,0.1787898616436121,0.3202098152598177,0.3171122827241084,0.16454292828282527,0.2993117753693843,-0.6213071945289681,-0.17420917660145052,9.83360754732225,6.5,0.003131893114617812,-0.03519682010514169,-0.0010566731362895432,0.08783521312782505,0.08463659238391341,0.06650664332585277,0.020156520642190756
2009-02-01,0.19460304392153407,0.009803252688942783,0.32186295853108626,0.3361945981117268,0.0033518716043904437,0.11968030155704965,0.29251453578832215,0.2564139633322093,0.13380642784388205,0.2816982838728054,-0.6434751147540935,-0.26657178588461894,8.2919723127372,6.25,0.001247999814633305,-0.022792212107116794,0.0007484267356403507,-0.06169654335095098,-0.03943068675006567,-0.08859810663827505,-0.06110503401955936
2009-03-01,0.15161944045136613,-0.007806588641752075,0.26146578958307803,0.3071150137159647,-0.058058847630376324,0.06901622272386919,0.260917758609171,0.20429390552648363,0.10089628206525315,0.26154280259632956,-0.644205855822202,-0.3386652620005297,8.82837359466158,6.0,0.00020577180166814202,0.05157758737930096,-0.0035892617566658513,-0.0044241472812913685,0.032145752215914536,-0.02266689187802562,0.2287855680696793
2009-04-01,0.11532526304626893,-0.015198422817413794,0.20534280520416354,0.2787813763864909,-0.10447900623309926,0.03177062626927376,0.22834545838514989,0.1628877081110097,0.07161776561769587,0.2406050390904224,-0.6153521000881365,-0.37942858170285,8.8776399503982,5.0,-0.006444404620069122,0.00484981732354739,-0.0001900772514108473,-0.022801987767583687,0.029226213467236528,0.16576754102597246,0.03804909499473763
2009-05-01,0.08820008007643021,-0.00944792765429239,0.1557921203902557,0.25192392593224944,-0.13113665262439764,0.011104516286510602,0.19677224126712828,0.13211183351039044,0.05097690009902624,0.21905680151140233,-0.5518352139488945,-0.3844616697850927,8.22146967540043,4.0,0.003148844837117748,0.0035393674185140167,0.00043024491014742594,0.09614060970487381,0.08365798158142357,0.12340178468339147,0.1881857509083915
2009-06-01,0.06951501947211652,0.009686927309216916,0.11156436130008464,0.22693935386442726,-0.14062207981902036,0.0039086467895766775,0.1680107569203341,0.1080241926219985,0.04078987794419531,0.1970604985369298,-0.4582440480203308,-0.3557691238931112,8.37258648376245,3.0,0.011951904029301463,-0.012792971881111947,0.0034073344800349403,0.0003857624756780087,-0.007014149232071665,-0.025992651722663407,0.17777650063108874
2009-07-01,0.05867035657692312,0.04012568988138727,0.0731115055835105,0.2046966269569718,-0.13591881086719815,0.006792196347353832,0.14419369809359306,0.0884641680887114,0.04125397043244271,0.17595365637284024,-0.3431166992773085,-0.2977584203189794,9.3340612076001,2.0,0.01569014672640945,0.04218902240987332,-0.001863404075389541,-0.1609790674012309,-0.18781274324474795,-0.1441156748340957,-0.07724130376607563
2009-08-01,0.05620123356837108,0.07780651353210617,0.0439514978242305,0.18589582810391017,-0.11629027808610409,0.02017391456848644,0.12605750383812375,0.07642797614305794,0.0507093368319912,0.1567590001216166,-0.21673002979219327,-0.2176288461456646,7.80579700395871,1.25,0.01247885616317923,-0.004175885817569891,0.002078351389055655,-0.07954744620259335,-0.00717806290095202,0.07822017365638811,0.10554557337098913
2009-09-01,0.06231016405737944,0.11687966241734309,0.02818448987315783,0.17109734494487783,-0.08129046918468481,0.0458917412677085,0.11225163836639038,0.07753089252956846,0.06478661700334237,0.140016417936642,-0.09251321398186202,-0.12710615324753824,8.56548050070261,1.25,0.009182989976006528,0.005476451259583737,0.0008726259905695866,-0.10728324157151414,-0.03680438274910769,-0.08257049776735848,-0.02397001098021212
2009-10-01,0.07537794951876885,0.15088297301334508,0.027347406570345765,0.16027542166472084,-0.034346302745651335,0.08186799386459723,0.10177965648685099,0.09363141155431602,0.07859274639918995,0.12586051971697418,0.01658778788372683,-0.03752461499420366,8.0541580411717,1.25,0.00953418706629705,0.024587612822907,-0.0012247586838809443,0.09526027113733115,0.13890136207155113,0.09166641739702608,0.09191619906654691
2009-11-01,0.0929912266043657,0.17574772481724968,0.040094795146892084,0.1533787071798155,0.018668505945558633,0.12397286051066006,0.09416044521184685,0.1232352697302124,0.08876335074163771,0.11468898084370563,0.10135709490573262,0.04324910134408486,7.59172124459124,1.25,0.019747695719815495,0.015431348724179728,0.0011219324383320295,0.08696600953415556,0.033300164592055204,0.08565374335126763,0.029594168643480856
2009-12-01,0.11208518091062497,0.19019163167033176,0.06216884752147364,0.1502695295970648,0.06988936555425908,0.16566447323258868,0.08979299786353964,0.15868928037991298,0.09586583599608828,0.10761483367402876,0.16008591992391516,0.11194265216327351,9.34554991623123,1.25,0.01644570405696899,-0.008765107095847768,-0.003161041664900388,-0.02326548227570846,-0.013231758537786797,-0.005551394660015974,-0.04340363170480621
2010-01-01,0.1303080855444596,0.1972591974145737,0.08769393630910986,0.15040249687886656,0.1137435322693191,0.2017243190563365,0.08915333053707594,0.19064542164455353,0.1033208479373286,0.10516040492618005,0.20189289172479144,0.17048397332773424,7.59672417483289,1.25,0.01618183731732703,0.036426739097630945,-0.0029504327751910253,-0.03324050314771465,-0.015487492000868519,-0.04676995638942594,0.050775197349588685
2010-02-01,0.14691518080160643,0.2013501235118833,0.1126114030980558,0.15251902956034613,0.14996109685715983,0.23130431077358138,0.09138463778896866,0.21489359002133637,0.11325110774932498,0.1061840671841834,0.2375933880565959,0.22273620426881585,7.21609029844799,1.25,0.01806332176760206,0.01945140061731987,-0.0032147131687916275,-0.04045351528594676,-0.04677684816897565,-0.0010920045186391114,-0.02661527522880003
2010-03-01,0.16089196617784055,0.20574101180659327,0.1331460809228795,0.15609658351732938,0.17695633018951612,0.25318791407639024,0.09566933287167766,0.22932140913380308,0.12549486083948508,0.10944107746637774,0.26986158121382586,0.2692285649616637,7.60548480935954,1.25,0.015108188162465286,0.007397886318194713,-0.002800257520573668,-0.018340867821635243,0.007639404349800261,0.07441925092515778,0.06463553214248208
2010-04-01,0.17184161965955103,0.21190149871921574,0.14761322061473267,0.16090993409442944,0.19468280097133647,0.2673439270684241,0.10167087988077207,0.23413794141608466,0.13941818656886618,0.11453768787220486,0.2989121176216962,0.3109827052505637,7.18925913390464,1.25,0.02216682989890084,-0.006237772548130072,-0.0002535100597241824,-0.009665823204352497,-0.0038876377859495825,0.012732924614182295,0.03829520143610288
2010-05-01,0.1805109437116997,0.2191713422238294,0.1575651797814207,0.1666486127747601,0.20600828559188955,0.2758564128056892,0.10908059908265764,0.23456276224783348,0.15274218443112283,0.12103014784438461,0.32434406854297587,0.3490087479058543,7.15722484746346,1.5,0.024658187975470147,-0.012525321692487656,-0.0023729536954999464,-0.03335671228498893,0.01522141423619594,-0.0405828647016202,-0.12520598705763264
2010-06-01,0.1889255426499117,0.2262125610360508,0.16709198078784313,0.1732479257704488,0.21647825640890778,0.2842245154651287,0.1166502889872622,0.23887754431576494,0.16304658933178773,0.12809564287968725,0.34431832861156,0.3824381807569013,7.76593144164593,1.75,0.020276807908435668,0.021121063276509755,-0.0025022105269491,-0.05165653864852038,-0.05947215732587441,-0.03083738200493169,0.021411521095165087
2010-07-01,0.19834644177318897,0.23198070716954886,0.17885698988244358,0.18084386577544168,0.22939500622199663,0.29613387069472946,0.12346084447726903,0.2519096481582272,0.1691238848799741,0.13551153228670096,0.35660416357637353,0.41018354796918205,9.37919749821332,2.0,0.019074015431427505,0.09320619110947614,-0.0036263555603592845,0.19425680221761987,0.0735167669819472,0.019508147055337766,0.010486367119386664
2010-08-01,0.20858939909771726,0.23619487238330808,0.1927975558411002,0.18958124508352386,0.24340786042699825,0.3111586638923223,0.12932142803770405,0.27280714408276324,0.17118206787228246,0.14325686659585504,0.36088937850361535,0.43263244929875466,8.59443971286075,2.5,0.016023984312181883,0.040610845088650205,-0.002677962662458122,0.302895774647886,0.08376718729141519,0.06595777668673586,0.006215778883070344
2010-09-01,0.21947015258735075,0.2397251378595192,0.20818660336584946,0.1993768926750882,0.2572960068581558,0.3277958970732369,0.13500372373299271,0.29820949485053744,0.17121205641208187,0.1513644231878609,0.3608464431039838,0.4509307563874475,8.83544494677625,3.0,0.01636085946199084,0.05621331210824798,0.00032018366948438626,0.03312231908122398,0.1975734433700791,0.037113801922353584,-0.018146429461541214
2010-10-01,0.23126599168679235,0.24462903884355175,0.2242055441295529,0.21030576601069287,0.2714801433460121,0.34611968122347353,0.14110482298716387,0.3251715137431228,0.17217568754446239,0.1599423709626781,0.36295447982309437,0.4667239654151139,11.1239765739606,3.0,0.024290657225523482,0.01158628485305191,0.0014192277097966333,0.0029824187966518423,0.1569334753700944,0.12600223166459368,0.08886912676348269
2010-11-01,0.2435693695748787,0.25271571440407725,0.239067779176888,0.22196022673431987,0.2853836120481738,0.3649051917670367,0.14788418452610755,0.3497777353680076,0.17621513358570412,0.16877672612245467,0.37122444455843623,0.4824309133658169,10.6336051012907,3.0,0.0238558346619151,0.026725020951671397,-7.904780909162579e-05,0.020812468404537432,0.027534354441312248,0.08137948691081998,0.02823930539586761
2010-12-01,0.25576894712173154,0.2655862637190574,0.25075730831617826,0.23398138048719144,0.29806589409967477,0.38257432256158475,0.1555048321498311,0.3696460278881972,0.1837492277506851,0.17743475170620715,0.384966333986428,0.49838197167464243,16.4558322981118,3.0,0.015116182239341303,2.2673680391882556e-05,0.052666803319090016,0.12531601293342165,0.06365250494669517,0.09506944244483395,0.05954615053149759
2011-01-01,0.26822888816218154,0.2825542377350267,0.2602826921159818,0.24600363550092447,0.31143677151798155,0.40024508208681103,0.16367610197616947,0.3869652317603236,0.19370829984136229,0.1854185295629457,0.4002243282527247,0.5125978348784089,12.7040646458697,3.25,0.012799492808810653,0.00920530552091603,-0.0038891795274145213,0.059449681913129604,0.08266874148998293,0.04985951187262172,0.0007093951344816496
2011-02-01,0.28239776033815056,0.3011333809866544,0.2715527990578997,0.25780693207798727,0.3300442170698435,0.4211781969216441,0.1723048842839966,0.40732937332749286,0.20458729468538833,0.1926118803563836,0.4136440750957806,0.5244510707399487,12.2739932429274,3.5,0.005363737206461439,0.0394733886005707,0.030542773935732015,0.07441053493685068,0.09140495867768594,0.009032588161211441,-0.009877116067713687
2011-03-01,0.2989496646179665,0.3176972448771088,0.2879104864484908,0.2688915338587959,0.35663958958822595,0.44739089838260654,0.18094184079017253,0.4348265510348658,0.21473700274622107,0.19874346967760834,0.42232026349813023,0.5319365505982769,11.6531186750104,3.75,0.007948507239175395,-0.0030474626091466783,-0.006975680813195995,-0.08945660568578417,-0.009409425228320778,0.00030667260226691084,0.1635221517757719
2011-04-01,0.31648519932379526,0.3289161151856835,0.3091295424895649,0.2787162604693576,0.38828800335955727,0.4771964473148548,0.18843451740375267,0.4688668473043631,0.22217691793739414,0.2033676702965132,0.4221239152612485,0.5304559540778107,13.2722473302746,4.0,0.01678144287449035,0.008346521560040676,-0.006763079376027492,0.10988121898529446,0.10998056494599862,0.03647070125965168,0.06591847374280402
2011-05-01,0.3325499887691344,0.3332316658626029,0.3321834427399928,0.28729124406933315,0.41804603813919067,0.5064117367202079,0.19368978733580022,0.5044051819076344,0.22600026287364774,0.20668794236672364,0.4097203805744764,0.5160433566857515,12.4847028592349,4.25,0.015882551077042395,-0.0044074647402820855,0.00023711560279182642,0.0048192597155138905,-0.031837411268757165,-0.013102482779689173,-0.07981597618580749
2011-06-01,0.34476785169122903,0.33068942896689213,0.35324718658781323,0.294507709351467,0.43940391942746787,0.5298749780063219,0.19657425943945545,0.5346427450759992,0.22664727352364952,0.20901226132954998,0.3865969799416853,0.4888480656712983,14.6608328035715,4.25,0.015460322031816132,0.018247781113006623,-0.0009904486713805394,-0.08736863277518148,0.0110579410243139,-0.017498605125049194,-0.045812326255129876
2011-07-01,0.35207271359524384,0.32282846704865426,0.3697257154279226,0.30030965643959073,0.4493439102046269,0.5443032874790882,0.19776403394110817,0.5549897964230043,0.2252763391098338,0.21076171016710563,0.3566013287273564,0.4503925386081168,13.6836086722409,4.25,0.009886235171318924,0.011070580251102857,-0.00786714067779648,-0.06218195699999507,-0.030575479312286213,0.005016924920131061,0.00956401277959884
2011-08-01,0.35349693518818764,0.3112282849954401,0.3791034238551891,0.3044265982385237,0.4456865536660842,0.5463708935022773,0.19827342764585582,0.5604933517870619,0.22351040243586262,0.2124294892455514,0.32375071326643456,0.40280542988472134,12.4005429467944,4.25,0.018052390629288206,0.017640642698326214,0.06383878958007472,0.07836041818448103,0.0493563005613582,-0.006056116431411684,-0.11175912181105119
2011-09-01,0.3487555454672436,0.2972925607025986,0.3800252710165795,0.3065121392821436,0.42828531100350714,0.5346747052539848,0.198815898730794,0.5492769336767906,0.2221987948808611,0.21402335666470884,0.2904179046978394,0.3493742227178504,14.3550396061797,4.25,0.01505111771121137,-0.0092136452643512,0.05117463781047715,-0.025576324504092973,-0.07148949198504184,-0.003485481340315233,-0.008362584158126296
2011-10-01,0.33877703416559873,0.2819387600427976,0.3733522094679737,0.3064583216358105,0.3999123509501714,0.5113437646748988,0.1993455098139194,0.5248001130897689,0.22076243470930687,0.21510999248525173,0.25679008245942214,0.29216214006422253,15.3887161772122,4.25,0.007176364624432274,0.01306482483148863,-0.003138622785501588,-0.08925484620540869,-0.08248207191869095,-0.08900017716883868,0.008264527591642867
2011-11-01,0.3266748991206754,0.2664295672965739,0.36324537211143093,0.30474545100275163,0.3686163565955881,0.48344017806171236,0.1998093921659784,0.4957817231751082,0.21892086931867785,0.21545807224525573,0.22414835842771444,0.23394488779488304,14.9603911169717,4.25,0.0030321355870490674,0.007269590931493264,-0.004295697591478853,-0.019746862456770597,-0.004937655509790639,0.008872057233392239,0.12536921833800774
2011-12-01,0.31546873596962755,0.2509809501377698,0.3544269173026558,0.30140491993052,0.3428628868316198,0.45899570433438214,0.19913421374296014,0.47194522728432936,0.21547506807612204,0.21429757341562033,0.19465947954477378,0.17877618113408597,17.584297120722,4.25,0.0071228424688329905,-0.004770642201834874,-0.0027017676135063784,-0.007061328657095078,-0.04361047244678562,-0.007331576153937647,0.015345017198211908
2012-01-01,0.3046661936604416,0.23475431881037773,0.3466755148008912,0.2967052191044235,0.32079025026036273,0.43812625037368863,0.19629960609763009,0.45455251002264885,0.2087347327870442,0.21122404279268875,0.1674760867141527,0.12879969483702275,15.4787367856762,4.25,0.01865275698409441,0.04125696492953135,0.0010142442296536824,0.03811220789050607,0.051531601395891524,0.01736325080653356,0.015371213657564331
2012-02-01,0.29321339804226393,0.21800472058611164,0.338195481840294,0.2914471881058003,0.2979895200053459,0.41861694226992663,0.19121097573839396,0.44023343720853014,0.19901280627124057,0.20667144702515286,0.14084929853943742,0.08511581567777392,17.4839646264027,4.25,0.015878044661670865,0.048888451701750935,-0.003238566536200582,-0.015745713490073143,0.04031789344669501,0.024243025792942907,0.021193058179152846
2012-03-01,0.28104282024502464,0.2013842523600852,0.32850822399463725,0.28628380760389516,0.2730045618961422,0.3988262853202585,0.1850526678815912,0.4257326642440675,0.18820470487665802,0.20146450108913233,0.11566004685597987,0.04849986829381624,16.9901948035014,4.25,0.017550306396590942,0.04640345118634537,-0.007601930664626333,-0.022043466694496083,-0.006960807480673181,0.01867521321507226,0.03813519140516175
2012-04-01,0.2678102281239959,0.18558605456918975,0.3166771600672534,0.28159008619749726,0.24406972633662158,0.37619098576386206,0.17927523167920525,0.4070636337996526,0.1782950404421015,0.1962197584566822,0.09467624963489682,0.016877590421539992,16.0815291300543,4.25,0.004709444869031687,0.030489881517862027,-0.005287297469397045,-0.05168736896683801,-0.012659432705121487,0.017666120685764453,-0.026735721799237888
2012-05-01,0.25392139910060063,0.17180768966932405,0.3026592951322351,0.27757783403889275,0.21191111938297855,0.3496591161407591,0.1755462141202384,0.3818995665828462,0.1715250898242253,0.19178081221397147,0.0811004440000222,-0.010069897592978647,18.8948341611616,4.25,0.005557977514135892,-0.010575752304748609,-0.0003924536700022907,0.028250296168793154,-0.017105445156532006,-0.07792911970506755,-0.08555521244774811
2012-06-01,0.2408385524531375,0.1603741314542845,0.28857359077440764,0.2747064163623131,0.17986279441859906,0.32110488563439277,0.17505502114418345,0.3522818309635183,0.169049086184199,0.18936033985242068,0.07489442599831533,-0.03192102541639325,16.993685636061,4.25,0.011429908290653268,0.0060300270735909045,0.11151898640311897,0.04195202639499085,0.007770093683407531,-0.03595142988924083,-0.12888089189952057
2012-07-01,0.22891627071751394,0.15089119740377202,0.2751919709705937,0.2731401470908847,0.14857523195543215,0.29154328221746095,0.17759163264392966,0.3207485952849636,0.1697858988693248,0.18925198289224915,0.07284133124422093,-0.04877460219905012,15.8023734343825,4.25,0.012160839276573077,0.013193534294451803,-0.0009027728772780241,0.16843209997071162,0.23805501678867258,0.07724104458495229,0.06785689301585807
2012-08-01,0.22008433814959388,0.14385369070390602,0.265280869614255,0.2729041004247794,0.12354865978297966,0.26650560844992255,0.18212083687272448,0.29505518579112827,0.1718874708610194,0.1909077744339791,0.07243779175356356,-0.06006718721081094,18.1117509764227,4.25,0.010704539100433674,0.030889962055881348,-0.005058294177204048,0.07551955854212178,0.04337059699617729,0.015113367395994004,0.07103483540665034
2012-09-01,0.2162246032290445,0.1398873159470819,0.26145208155132765,0.2738028374753671,0.11058591328918185,0.25197925055829345,0.1871141323246069,0.2817235867126367,0.17421466682005113,0.19371420835580141,0.07399098810128196,-0.06216335921693533,22.8020468186839,4.25,0.014645018830200751,0.023255424871593267,-0.005397770896594878,0.016235754480540487,-0.051580995621858916,0.022846670739153918,0.005111962014207494
2012-10-01,0.21723565718606522,0.13931061261442146,0.26335251919184005,0.275599564626007,0.1098968387131591,0.24889640405002988,0.19153599723966436,0.28035676643011254,0.1767841542779344,0.197300470636912,0.07867415327021861,-0.05110059330280414,24.2883886870703,4.25,0.018558062323515756,0.012148264416866894,0.0016359047374774338,-0.0006089946237481936,-0.03263861580810068,-0.08672408672408671,-0.054128108359613125
2012-11-01,0.22155575639310074,0.14172256684751072,0.2687373461716766,0.27806993719106055,0.11753434672831196,0.2542374087371582,0.19498790727869467,0.28576518293167413,0.18036535565408987,0.20145826154912963,0.0877637624114761,-0.02677623548619036,22.3260737515254,4.25,0.01289700690056006,0.021194107004393947,0.0013765791002746663,0.013008691014490648,-0.007083025375708818,-0.06979859571322655,-0.032049175621541415
2012-12-01,0.22771491299028981,0.14634176753099876,0.27573818672862166,0.28130370313643066,0.12909832909198501,0.26430459328478395,0.1978287162310379,0.29307337572340897,0.1857042757390384,0.20630201018814254,0.10207349676424615,0.007462809224490131,22.6439927929702,4.25,0.01078390016569375,0.012259554543153639,-0.0025810708840405816,-0.04111598268931016,-0.02542380391149024,0.010671188075964677,0.014509028131247659
2013-01-01,0.23498898577490684,0.1525783708993654,0.28355845531501095,0.28527728255946333,0.14246899108191702,0.2761866807824734,0.20118912007029632,0.29947447409893485,0.19345193250208315,0.2121013676768572,0.1213513557767781,0.04573051033966383,21.4532804527867,4.25,0.01778441654287133,0.04727227266334322,-0.0011528461687039249,-0.0213590836878903,-0.008845247310329873,0.036350501011148895,0.07722487186083749
2013-02-01,0.24142248918808928,0.15984415832229595,0.28945519596837505,0.2895682461892444,0.15279494561173698,0.28432184998937243,0.206147781108106,0.29988797107213866,0.2037393868873225,0.21919867339269064,0.14583062956205078,0.0808808268095785,26.3803985275549,4.25,0.017136116521535127,0.009147069356571613,0.0008721931665589544,-0.04713038473783482,-0.004275184275186028,0.0305273373725663,0.007124781268802005
2013-03-01,0.24545827258177283,0.16878433430883927,0.2905841557035727,0.2940176339144682,0.15591228448641414,0.28500118266160995,0.21294755124769923,0.290750816449449,0.21634483368377472,0.2278794721935124,0.1767586912096061,0.10838385097960014,23.7010343473127,4.25,0.00901645943671836,0.004273314702272657,-0.00897807261354544,-0.046028626178478804,0.028998432517161055,-0.011720885038158713,-0.023050593833363275
2013-04-01,0.24766053458190265,0.17995866531821042,0.28750869975789256,0.29826140780308563,0.15413185382862216,0.28039650007825884,0.2208029498074217,0.27542951115658154,0.22999938831281858,0.23765777438083696,0.21319909560932082,0.1281732294892606,21.5609310232023,4.25,0.015651641860585208,0.004961865779322228,-0.0025175104901747902,-0.0018535904933075775,-0.10010744344296574,0.004124613608427641,-0.012045625347704592
2013-05-01,0.250064909894963,0.19292484711826036,0.2837094695208386,0.301670073165455,0.1544834379757813,0.2766725576877397,0.2282797406934888,0.26153447823164194,0.24307208953753,0.24714940311170708,0.2514191144742135,0.1416796143083549,24.3564306120644,4.25,0.01200544746626897,-0.02182990257124018,-0.00193211565982232,0.028264918277360884,0.04146150911172142,0.0032094581655810472,0.026722828798348308
2013-06-01,0.25408121470460054,0.20737672679303756,0.28160438191301285,0.3039911429346432,0.16150098306868862,0.27834165636721353,0.23420741747423263,0.25425419853074677,0.2544893047499381,0.2551954554854711,0.28812308396141384,0.1518944548750155,21.4933014900005,4.25,0.006426243823807853,-0.001228188422077392,-0.0026111411284992503,-0.0323590403191939,0.012070619842640129,-0.023479590844394993,0.013675479165228488
2013-07-01,0.26088326160254327,0.22271561799586878,0.28340169786526187,0.30502187424430244,0.1789747043541193,0.2889692513260856,0.2377904514379995,0.2567963898447063,0.26409998363702636,0.2610259933603032,0.32147444163659955,0.163965680781043,17.8562453583576,4.25,0.007530379219515604,0.013976575738944064,-0.005454868232267263,-0.026076105606533173,-0.05560085199441289,-0.0522311308114074,0.09166310107625897
2013-08-01,0.2688115923583711,0.23625629529965522,0.28802444914421893,0.3045751731523225,0.20252236932864623,0.3055854080594113,0.2384633402484713,0.2667833261829653,0.2707029962054279,0.26417398456313934,0.34704868767836033,0.17874629755023047,21.8569290185624,4.25,0.007468253167639105,-0.014493825334615074,-0.005399734953184909,0.0035950136989069126,-0.0946903785546539,-0.0674336934868408,0.019334267874612232
2013-09-01,0.2753412122675097,0.24498969635972342,0.29320965704302426,0.30273898813429123,0.22475008560150295,0.3221573417541548,0.23661276503539813,0.27906477940935415,0.2734760582923085,0.26473794919608057,0.3599550702119667,0.19156386669858375,18.5111235348108,4.25,0.0015711284426465078,0.001410670068282327,-0.0010866217283622692,0.006127077620934118,-0.18702041447230378,-0.006107019707072281,-0.0019022434530383547
2013-10-01,0.2793487629764664,0.2479537205983437,0.297738842376074,0.29976764173134035,0.24190781225598193,0.3352317570633416,0.2330437122901272,0.29107558421588403,0.2722294432528859,0.263170880751511,0.35979719054919285,0.19728659481883645,20.928510445704,4.25,0.00014738098896494023,-0.005065263978180412,-0.0003825765299427797,0.06252557341927778,-0.12942154557618224,-0.09747899407107885,-0.05482503648053971
2013-11-01,0.27916341646134096,0.24538944351641104,0.29884708553937855,0.2957638347829404,0.24894089950946546,0.3400924633743685,0.22863681170150815,0.29874833898401165,0.2668685307596113,0.25991355318509984,0.34856893081657325,0.19253839952049479,20.289252718847,4.0,0.011634108444705138,-0.0016869756442891015,0.0021872064761960797,-0.023459970070041636,-0.034145055557212256,0.02004772127642407,-0.06680871779600994
2013-12-01,0.27455272345003157,0.23906570664312124,0.2951498503545275,0.29100773262722096,0.24465398321594534,0.3348462071949425,0.224534737742857,0.29929058680223225,0.2588327627244272,0.25601798278129334,0.3300247253122511,0.17754085465565933,16.4901121590892,4.0,0.0044034291461862995,-0.009294044870924445,-0.0016554300140697586,-0.04637173623022772,0.005082209038150376,-0.04491617994560626,0.043442571893275606
2014-01-01,0.2676494113300126,0.23116471171156616,0.2887531010985739,0.2859874207982761,0.23426024986317154,0.3235137252205992,0.22128419965111548,0.29564296452190325,0.24972068141576376,0.2523562169028632,0.3073253830413306,0.15719986332661953,15.7094036865662,4.0,0.0029658795668912052,-0.008970044012609812,-0.003158457690646821,-0.06041414022375724,-0.012813615689346358,-0.05929018433214073,-0.029688295506986373
2014-02-01,0.26086894433087593,0.2225216537727206,0.2829997611349961,0.28135024576450457,0.22345071323485038,0.3115841176406942,0.2187516491173418,0.29374300851090046,0.2396461616978061,0.24926759346042274,0.278793486486295,0.1352686122747611,14.6244073425447,4.0,0.010948507264389562,0.0015828134124227233,-0.005972501860129431,0.05452920319847987,0.05499182561308058,0.08519007687802982,0.06059667061822882
2014-03-01,0.25497363490891545,0.21231929964954124,0.2795833464268903,0.2774415054425964,0.21375921970491374,0.30156623495466073,0.2162799841619548,0.29719415428522333,0.22752330512212302,0.24644952353673893,0.2381567738396559,0.1146962748281564,12.2083477827611,4.0,0.010207889614858745,-0.0034214523528238727,-0.0051588371909410125,0.1293412869184174,0.0720933258654537,0.09907231701934172,-0.0014212877424637504
2014-04-01,0.25065618618280405,0.19965173739971342,0.28011216195108185,0.2747652352941538,0.20623204700864636,0.2949439055231893,0.2139072504631432,0.3073610060460533,0.21358704884751062,0.24411887604186655,0.18163252213698683,0.09937415324101492,14.5242777553412,4.0,0.007300223528606153,-0.0034639899005449726,-0.003916818642667685,0.0009860391736615792,0.03755816742624063,0.01864489816297077,0.015192895882349955
2014-05-01,0.24835126046155082,0.1850896492167952,0.28491190022837715,0.27366649349323596,0.2014915586327389,0.2925982699344981,0.21165447284195127,0.3231752484295087,0.19923522361550272,0.24267444968496044,0.11333511798109683,0.09360673387213225,12.3308748992648,4.0,0.0034265442589511697,-0.0015449025938915062,-0.0022452524053167,0.015677447893627905,-0.02456549179531986,-0.03168289231033117,-0.0012639580579560938
2014-06-01,0.24774362287657253,0.1700638788352706,0.29264281075419424,0.2744400004766685,0.19809369970647903,0.29304056351364755,0.21016568075162073,0.34112201087813115,0.18627517990958312,0.24270776074160388,0.04188830967902357,0.09710222205187931,12.4965701701218,4.0,0.005267121632831495,-0.0007427006452211948,-0.0015892452897460219,-0.07802760388360042,-0.0654228643478092,-0.004777564586230354,0.031634485555261715
2014-07-01,0.24851475969339842,0.15589629436976749,0.30202733332016785,0.2770952024669987,0.19514342828983822,0.29440512924277806,0.21040300842929,0.3577814742121338,0.17644593618460244,0.24464769800600195,-0.02423605939882617,0.10519014945207764,11.6967851247641,3.75,0.009542057750849153,0.014787631036992321,-0.004314430785042678,-0.07530160891840953,-0.14523155739692983,-0.04268568312701371,-0.021683351995010924
2014-08-01,0.25065704380401305,0.14469694649571263,0.31182954616779074,0.2811925370192695,0.19350237752764274,0.29616009541656046,0.21278343990243845,0.3706697930951044,0.17137546720415525,0.24842102862659504,-0.07725760446426425,0.11422332781140232,11.4865267060826,3.75,0.014450142934427257,-0.010467529296875,0.0008569300423872939,-0.04957428854757073,-0.0500539190646484,-0.07841770262286929,-0.06228439741685943
2014-09-01,0.25471502434080606,0.13960635623889642,0.3211110595319393,0.2863773947435706,0.1954199299278076,0.29894077784017486,0.21778506078865384,0.37889389858167144,0.17257065165858052,0.25388163763116894,-0.10958656561554418,0.12237969162720823,10.8735444731299,3.5,0.01885370069595882,-0.006121819583654542,-0.0016024531095989447,-0.030072674878159122,-0.11497620148163301,-0.040498520939248106,-0.03224706343447936
2014-10-01,0.26146191799902707,0.14246231109523455,0.3300461656484843,0.2924568704186322,0.2034899361486769,0.3039051438859072,0.22588306016228846,0.3824789454424301,0.18132216183499547,0.26096215201170897,-0.11728374607153554,0.1305100762237378,10.7981174162911,3.5,0.00579568118983409,-0.014320512621600279,-0.003774284170007247,0.037372567750091346,-0.011863565771577989,0.019605960760649355,-0.09661654763599625
2014-11-01,0.2712886374593102,0.15295859177241727,0.3394395899896124,0.2993334714467543,0.21897102052048154,0.3130866515361914,0.23611199679938472,0.3841676736331836,0.1964821272130999,0.2692636135157644,-0.10359655253281341,0.13942309288655863,10.6212222165498,3.5,-0.0007787255351179301,-0.004407366598457418,0.001496843668116643,-0.02044334235046652,0.10924677187948206,-0.020634000789110374,-0.10322595601531026
2014-12-01,0.28296063886304784,0.1679013435461145,0.3491977870557492,0.30675411702988764,0.23873301930566135,0.3255918481368279,0.24697890700553893,0.3856832488256276,0.21486256476424917,0.2779517713212005,-0.07977454032774448,0.1474528515260039,13.0740524949622,3.5,0.015449983169256054,-0.014893280632411021,-0.0022836886098870357,0.052659033410710654,0.08155649975101475,-0.028093742328199056,-0.21867810231767193
2015-01-01,0.29446597371111094,0.1831357592411098,0.35854163899380626,0.31413414901527514,0.25807089764483965,0.33858890001191566,0.25716066339840904,0.3865978748194827,0.23337144146050737,0.28636323559939236,-0.056079153278178105,0.1530487358286166,10.3631842819984,3.25,0.010576116725255824,0.004991333376131557,-0.001700061725583013,-0.0998778374310374,-0.010181339827354696,-0.017530844134816204,-0.1962523870412327
2015-02-01,0.30491986800234677,0.19654427130477486,0.36727728526641673,0.3209611287334992,0.2754052700291018,0.35115410163625,0.26578500217040446,0.3880455265463258,0.24975345095743987,0.2941858986581243,-0.03579187065394272,0.15849016577203573,9.00242644944833,3.25,0.0030207062695188913,-0.011546016384803348,-0.0030255078261304247,-0.04727121914886301,-0.03088291019325573,-0.046438220212823955,0.06646264488734199
2015-03-01,0.3151576363318304,0.20794724462891465,0.3768004157310686,0.32680392779183276,0.29395143542219004,0.3654162639106555,0.27257344849998605,0.39267180550473474,0.2636398772970648,0.3010968488361602,-0.016213915955324763,0.16504057826212984,10.0594440486518,3.25,0.0012508604621981334,-0.009257464133385018,-0.007588613905436303,-0.0002576335030145538,0.010101010101008834,-0.025325604590989204,-0.0565096992653803
2015-04-01,0.32511396975112167,0.21776972908020065,0.3867552466081405,0.3317038529379339,0.3134581979299974,0.38116150631156503,0.2775714326034013,0.39987732064738873,0.2753251839429661,0.3071480105394524,0.006274996261566557,0.17210794409080343,9.64205429256671,3.25,-6.801224688579577e-05,0.004957356946007296,-0.003889874700941376,-0.03111948388931496,-0.015225806451613422,0.008349770863305128,0.13355890963007933
2015-05-01,0.33345625484361746,0.22696438864600152,0.39450377631359906,0.33612577144022043,0.32921973038075086,0.3945308095723744,0.2816097421777288,0.40540371146291093,0.2854566026668559,0.31286926850482827,0.033596111256314246,0.1781411461391144,8.48852392032146,3.25,0.003970821342025532,-0.01969915783666254,-0.005611982190736886,-0.013259541104577388,-0.02828940800638735,0.0516252390057359,0.09289195957427832
2015-06-01,0.33834601060692626,0.23614083915561201,0.3968113891292296,0.339429211731577,0.33712749072954656,0.4018421339762408,0.28443356795251734,0.4055401749398684,0.29346283335187423,0.3173440154816004,0.06475930054407095,0.1807273530395593,8.72593456734838,3.25,0.006339132693460758,-0.006554880572062327,-0.0033124049933183075,0.021171046761136125,0.01481976139413832,0.05243356643356689,0.009669384289614502
2015-07-01,0.33903646277045246,0.24514286939147917,0.3926151857232915,0.3410667602669131,0.3360262697957522,0.4018199658631214,0.2857372370205453,0.39987457601974546,0.29835374909659357,0.319834278167911,0.09601814960220102,0.1770969253886448,10.7656128569681,3.25,0.003968765348723036,-0.004715330656314021,-0.004487634245310734,-0.001687461810489399,0.09518307548324989,-0.06769351838851645,-0.1447102600079474
2015-08-01,0.33683409778741225,0.25428632187734185,0.38382605340648474,0.34134076324736623,0.3290780557380464,0.3967933828298622,0.28594932715543875,0.3906050394933065,0.30083413239615797,0.320836129235217,0.1246860114864567,0.16706851529957822,8.40046390976353,3.25,-0.0021312658979557586,0.014715237553152294,-0.0037580847335917378,-0.10595927480041101,-0.09338130052995985,-0.10731166375799761,-0.16213704007203
2015-09-01,0.33149621992787287,0.2623714605663939,0.37078246787447194,0.34037511550707483,0.31533181220420997,0.3866984593203731,0.2846793152640342,0.37854448730565315,0.2999650872628256,0.32054144755139946,0.1453778830789148,0.15251171016875148,8.28700248803369,3.5,-0.0032937385794621354,0.013627439658159046,-0.0002753059802382829,-0.045780885780884906,0.013961994825584467,-0.07994464551841707,0.061502642788326956
2015-10-01,0.3214965977354018,0.2672357235057131,0.35233216523079497,0.3381028034555677,0.29048178916662226,0.3691672742232725,0.28112272290943563,0.36305540138060494,0.2936341822058846,0.31883677971423957,0.1511782830609442,0.13393843694510835,7.62819943809694,3.5,0.008869734162733067,0.011930532723514409,-0.0014259575844712824,0.0405266757865923,0.03259865382077476,0.032297813259285935,0.01581276408714616
2015-11-01,0.3076513979934859,0.2676591220252455,0.33044275870602124,0.33468626139687635,0.256579062119658,0.3460436489206304,0.27521662185059015,0.3462385963868948,0.2817951590186263,0.316077496342431,0.14115026408193215,0.11536699331619789,8.55398389652281,3.5,0.010610640502737967,0.0003860258637329306,-0.0034289194169701,-0.01668427436709896,-0.018392735417274597,-0.013303167638165081,-0.08303972967860063
2015-12-01,0.2926702270111787,0.2649198158408641,0.30860714988156995,0.3304668452415792,0.22086722283093865,0.32235428530950555,0.2676840504535446,0.3311804873421309,0.26688931889487066,0.31277509934463327,0.12369709739415552,0.10301024579643504,9.21738470416217,3.75,-0.0013381121565682053,-0.011431603318541428,-0.004437436382651816,0.009199593497482894,0.0032144615183857805,0.11611587373283383,-0.12216155962733688
2016-01-01,0.28012306147120813,0.2624853017380566,0.29041310885420524,0.3261651895215603,0.1924158978118876,0.3042912688574208,0.25983862126581836,0.32116446542910737,0.2526589010560165,0.3092963043323081,0.11052705157961606,0.10024820997955233,7.50309152531176,4.0,0.006775361448131179,-0.024461250711555693,-0.0037113764840370767,-0.027765834672220602,-0.018976678194552954,-0.023398571192152495,-0.14435843631772327
2016-02-01,0.2721751387716164,0.2623808694099762,0.2780868144698334,0.3223404524628629,0.17652160142312387,0.2947985631565891,0.25317786171308004,0.3164555961215877,0.24253883836854018,0.30579163356388606,0.10745752797339406,0.10610321490318991,7.88013056947258,4.25,0.005532660637664666,0.0036178123072305723,-0.0017378869181348122,-0.041845110635258864,0.009009009009009139,0.03653543822874439,-0.04903075266243917
2016-03-01,0.2688410681521802,0.2651108228740424,0.27135698000444547,0.31870703986328436,0.17379002446539482,0.29334858239994555,0.2481816270885409,0.3153750153852919,0.2376722617985441,0.30186964718143494,0.11541192620086478,0.11790365868573417,8.68260101750717,4.25,0.001965202776629482,0.017990630917970707,-0.005945619167778471,0.024676413073841275,-0.0010451505016728646,0.032109136994817655,0.24911953410189636
2016-04-01,0.26859530134608345,0.2709598286455073,0.26767431618776927,0.3144697937452088,0.18126610201508836,0.2969680727378884,0.2445584605076916,0.3154128956837868,0.23719365140228643,0.2966103186350401,0.13408137426940725,0.1309994059760593,8.21018918574779,4.25,0.007379326574643352,-0.00013054617254937284,-0.00011405260027819164,-0.024900036350416377,0.0194720951783105,0.037681801815472094,0.08304919576476211
2016-05-01,0.27009409856081396,0.27883830149137345,0.26556558249033635,0.30928778794840467,0.1956424006205768,0.3032509616832636,0.2418471633617783,0.3172538093868935,0.23837346818085933,0.28961969090629947,0.15886609022697024,0.13968104652672472,7.92000506107565,4.25,0.005780621702091038,-0.010673542996099461,0.13096324447904095,-0.03611369990680491,0.042223557397555345,-0.05629701252147434,0.14343030359400344
2016-06-01,0.2734879177793345,0.28672977712747505,0.2664269906437292,0.3032412194783068,0.21720968492622908,0.3133064875266555,0.23936148204851782,0.32417860511886604,0.23923958301697185,0.2812620918040335,0.1829443088501509,0.1431496677913526,7.8738495836915,4.25,0.005109987649034808,-0.017403784292053692,-0.001393141735838821,-0.018920166128288507,0.047560222359480875,-0.006818961786955735,0.04109402903952053
2016-07-01,0.276491347483405,0.29303753668710736,0.26760392797046034,0.29634833615881834,0.23930971129559625,0.3236345875754483,0.23591868401740154,0.3330490955491805,0.2381424432656239,0.27179561392510737,0.20221094826151362,0.14271071172777663,7.82875904914121,4.25,0.00757202085806763,0.02555234705526832,-0.0008168027070962758,-0.195905568247993,-0.17178796046720757,-0.053267916342944255,-0.07994189788980277
2016-08-01,0.2760914029069342,0.29569182756387474,0.2655542694898377,0.28862065085970584,0.2531588318746586,0.32830730994876817,0.23107772668809615,0.33828705388209335,0.23385770787243687,0.26142620954010004,0.21418141433561155,0.13962960210692693,7.4568749769116,4.25,0.012285959936593871,0.011180957993648377,-0.00357006749142208,-0.029660497610003556,-0.05644910241776768,0.1310737436176188,-0.003013317395226256
2016-09-01,0.2719027573087647,0.2931454224038603,0.26053318827445454,0.2801685606879787,0.257364212381693,0.32630493429371743,0.225023998028045,0.3382287857678869,0.22688391302372463,0.2505923388078951,0.21862530500126756,0.13624155505147564,8.16256214532732,4.25,0.005512886090099256,-0.0031407340251582427,-0.0020603869646753648,0.026042922594647466,3.280495486479573e-05,0.005651623324336663,0.00983229726935031
2016-10-01,0.2658085471007888,0.2852414934980981,0.2555478770793605,0.27147995959330995,0.25644950002850675,0.3207654056529469,0.21854826244261769,0.3347686079369618,0.21907485961363704,0.2399385378017989,0.2166658282749934,0.1344417249806261,7.41653561705152,4.25,0.003269771430801427,0.007048315062931465,-0.004116529345100761,0.04971182362486415,0.053310051951969806,0.06115293115669851,0.1036580894774759
2016-11-01,0.25988889546393473,0.2730049698495667,0.2532478445825265,0.26300883035694095,0.25567471733651637,0.3142870250954098,0.21324533864334372,0.32886973690821947,0.21322579060108623,0.22992350407053017,0.21014185490336323,0.13258928193399866,7.76573094748072,4.25,0.000979022191843315,-0.010401715879952866,-0.0028922512099232023,0.046563322920780026,0.004113626130737735,0.017073079114261702,-0.08298854647587939
2016-12-01,0.25344890612962895,0.25758254033789857,0.25188983070111925,0.2547967033035839,0.2529253304620821,0.3049020705351411,0.209487678528147,0.3179652537890406,0.20990204046543232,0.2206807857604663,0.20094231925828773,0.12815205794192996,7.94184518233192,4.25,-0.001022346509805594,0.005247376311844132,-0.0033308210155019724,-0.034335223018507666,0.021472392638030913,0.02855443957549575,0.137022673031026
2017-01-01,0.24353297601016125,0.23956889400835366,0.24652428520582723,0.24650496377760628,0.2401374213695006,0.28693388882118465,0.2066601299223908,0.2971065636104296,0.20752447419264627,0.2119430127821107,0.1888247904035535,0.11770987545909636,7.7885176914938,4.25,0.0044603141140053815,0.014363064552734839,-0.002372787091644013,0.08296411165263451,0.03582652419862309,-0.046814125992238775,0.011194780433623208
2017-02-01,0.2289031308007844,0.21989043565829258,0.2347137944574672,0.23743324790919504,0.21493585292394812,0.25928811740903895,0.2033780075945179,0.26552368038594,0.20452684332626264,0.20287653441446868,0.1748510582238772,0.09847799743923645,7.07407320053599,4.25,0.0023364012600495254,-0.004490826567793871,-0.003221303389397634,0.0453206505062933,0.023314455231928877,-0.06556925308194395,0.0173423053304389
2017-03-01,0.2105768762664382,0.19984380717633743,0.21734219200656485,0.22795682527924058,0.1795587650464923,0.22455681099188407,0.19928049979000645,0.22593942157735483,0.200743975934403,0.19421616800064231,0.16117856392767965,0.07331366499338333,7.4647519932439,4.25,0.003902987936176716,0.003146521969465965,-0.01287758624647617,-0.017656170300383134,-0.02644995809096118,-0.02381252838480119,-0.07738960475528145
2017-04-01,0.18987279469409488,0.1804335315964075,0.19591027430486294,0.2187110005887266,0.1366867044675421,0.1856630791562899,0.1943221055841823,0.18094030605962722,0.19664373234625956,0.18710130523176624,0.14939217607150038,0.04901127987476106,6.95598166413881,4.25,0.001961455409533297,0.008177700961800038,0.002587211177268456,-0.11405297256097657,-0.0026087519420026073,-0.048188140303335625,0.037659756377034226
2017-05-01,0.16715184103110906,0.16135875389353424,0.1711464375372065,0.20962604515909358,0.08757264520423634,0.14380542818264783,0.18817807842943743,0.13124806149790166,0.19235413544416397,0.18152992688520767,0.1391668570896266,0.031245686996678096,6.89240108166823,4.0,0.011957590492099879,0.006603384234420195,0.0042513775764301265,0.07249244534299959,0.01170194123717061,0.05685931589864457,-0.05199035222695869
2017-06-01,0.14283401421680106,0.14184491527998394,0.1441394243354453,0.2011048270505048,0.03265254566356284,0.09957211110986809,0.18113659782105285,0.07753381842464452,0.18811288996408854,0.17752780172828692,0.12920894218524206,0.021083176027049545,8.14908465495113,4.0,0.004595618983340044,-0.012820512820512775,0.0015945261562766433,0.05478428119558876,0.004274850117812701,0.005192806039449049,-0.06896786259454957
2017-07-01,0.11940859287459353,0.12226242563727313,0.11856862732232787,0.19392125775477828,-0.022368007933977353,0.05688755031844456,0.17441393916113823,0.024132048755348388,0.1851161754990504,0.17555963502967475,0.12065030522180391,0.019497842484852656,7.90948482153013,3.75,0.004864826139622691,0.0071724093864316,-0.001978934291343326,0.13538915864497358,-0.00765135759125668,0.05458260838785711,0.030870381576180383
2017-08-01,0.1002745362945705,0.10489939212936655,0.09844802663821066,0.1886436716304443,-0.06866787418199559,0.021509051248701696,0.16933415323176643,-0.022260150357370525,0.18449801654233242,0.17576673811637122,0.11724684350584946,0.027350031940182373,7.19497366351911,3.75,0.004109956109147994,-0.016574147501982606,-0.006677369308883518,-0.1658274026673041,-0.05876186272346362,0.011594244058868552,0.03144729857929285
2017-09-01,0.08833943347351414,0.09292997986745648,0.08652106456710575,0.1859463374878965,-0.09897740563936122,-0.001695065321733155,0.16710147302138081,-0.05622370390850399,0.1874653917742251,0.178540633009247,0.12421778086740448,0.04309674453373468,7.02411570251024,3.5,0.008167615479757417,0.03798080799935488,0.0001577246305339841,0.009931986445082419,-0.04168539252658776,0.014353704876890916,0.034679562190083724
2017-10-01,0.08362704171097614,0.08743580424216446,0.0822093522698013,0.18551512625100172,-0.11255086852568782,-0.012769601360963579,0.16780307155428853,-0.07745259986699977,0.19387007383132288,0.18366848614525635,0.14402985072066177,0.06378674957962656,7.27705151328612,3.5,0.008045468873974171,-0.012430080795525211,0.00471457511318274,0.03631613841693393,0.012740347037673905,-0.03360528898170856,0.03772157653797259
2017-11-01,0.08478213892409626,0.08796592745821008,0.08364772340202044,0.18658779172652598,-0.11184183411664114,-0.01336498987831779,0.17034627172843492,-0.08650380519185535,0.20182538873001932,0.1901734898908692,0.17442237136353206,0.08626977517603789,7.1343745926027,3.25,0.009565867192543598,-0.009078036500943965,0.001976271319812817,0.023561259274112123,-0.012523942831885293,0.02006643246716,0.09859787963444311
2017-12-01,0.0913748473943924,0.09340211325784548,0.0908076222457853,0.18855948964032587,-0.09687811749376184,-0.003104668880860634,0.17361711904026042,-0.08157430929605701,0.20939093249330126,0.19696924238185204,0.20984354038920183,0.10829096768410329,7.5895178096414,3.25,0.004620025627227964,0.010129717542828987,-0.001566062182801975,-0.014361744305907753,0.017919313353512933,-0.0322597112546853,0.02181073778792353
2018-01-01,0.1026055842252929,0.10199757780001877,0.10344182214071748,0.1909984035712245,-0.0691162441486358,0.017785602416496196,0.17635222112931762,-0.061812049722090395,0.21466838723744022,0.2034258112575262,0.24408616386979715,0.13027184297328254,6.75781101557486,3.0,0.009649396998086202,0.010515395859857612,-0.001272549628957953,0.11913179277097563,0.026472866146778573,-0.0017647374180473907,0.09812574467446056
2018-02-01,0.11596706888681682,0.11190265319562949,0.11868316293905554,0.19378967854933019,-0.035632549444735005,0.04440350577496753,0.17814988386207906,-0.03226991819902931,0.2169155852359481,0.20959213110401217,0.27316832967262483,0.15429076056691482,6.4821128763812,3.0,0.01025735514729642,-0.03740861720329758,-0.0024959598035896313,0.07791132251762267,0.04821062696353029,-0.04610439582310544,-0.02151502718227516
2018-03-01,0.12764471623877183,0.1209583371567868,0.13179169630826404,0.19676111456855544,-0.0072687027753580175,0.06844660742872762,0.1790922362766949,-0.0019301301967445657,0.2158467686152798,0.2151403668344548,0.2933864947304799,0.17730521664416318,7.01801825002307,2.75,0.009752272715203292,0.002375373676981596,-0.0048476295839452455,0.03909049717839985,0.014808659046634975,-0.015683508685188752,0.009801450307779014
2018-04-01,0.13715405802139316,0.12742604959125534,0.14298432097751732,0.19973203562608946,0.014823137897910867,0.08820968213401298,0.1797206136612746,0.027357499825793694,0.21187091030678562,0.21982328033831774,0.3016466075000345,0.19527980555010044,6.75370441684489,2.75,0.009203042113593796,-0.02969435130255349,0.0956194464213842,0.013398874177435571,0.005005465738447956,-0.01939712180818365,0.05462293303895516
2018-05-01,0.1464043476858949,0.13174004229557845,0.15499081861294403,0.20277260491965524,0.03602300731786669,0.10655314401520603,0.1810835491913797,0.057326462641046294,0.2069854826759447,0.22397145284657252,0.2993403285022646,0.20654620314052938,6.46707756842418,2.75,0.0025993144308362748,-0.002076756936368218,-0.0001845177510284568,0.08164334356057878,0.06636732011827551,-0.009829581247761121,0.054863050962498106
2018-06-01,0.15685688071656817,0.135914143132988,0.16895091904361761,0.2059034846496248,0.06060371077007509,0.12538280087990664,0.1842483046566062,0.08841896465399168,0.20334409653928717,0.2279867538700774,0.2925484933663819,0.2110685980761365,6.87268902264673,2.75,0.00801985658868487,-0.01641554982102722,-0.0033294598126824004,-0.035851008453750444,-0.10344276699416644,-0.03830730953420569,-0.028836742480797706
2018-07-01,0.16847905069517702,0.14091694646227382,0.1842615723564878,0.2088243607232025,0.08911857063571343,0.1446113999149818,0.18924503430746875,0.11898224971896305,0.20203919093375164,0.23164440316867996,0.2851869963421338,0.208495903594847,6.66753658318062,2.75,0.0028292667610294586,0.029079706833223362,-0.003813263222031904,-0.03330142036523698,-0.038468703427724016,-0.025282075545616567,0.047941352430106
2018-08-01,0.17881497614559652,0.14557605109849228,0.19774320573757195,0.21086168001690614,0.11565343479734985,0.16088403250169864,0.1944099940466314,0.1441113835969593,0.20229710697813594,0.23436914537691061,0.2768586711502894,0.19804896414977993,7.14803339785607,2.75,0.0038333095284956986,-0.008585949964636463,-0.0013159386177699073,0.0912483382707241,-0.003588441176093804,0.012742058532309253,-0.04318484929314503
2018-09-01,0.18598344196696892,0.14803874866826697,0.20750666349718622,0.21122051027960395,0.13619042909338594,0.17190725939866797,0.19822131323529585,0.16090165912562196,0.20292217331089155,0.23528525351827756,0.26424368848982377,0.18069262460986033,6.34055169107964,2.75,0.006459065178887613,-0.03872252177519697,-0.001913148953169741,-0.07982790286375097,-0.02677500348723738,0.011495063469675548,0.031692412859041896
2018-10-01,0.19025418557109464,0.14812798437474003,0.21408381071241736,0.2096739507856994,0.1519151201007131,0.1791338097511289,0.1999229058476418,0.1708632074130004,0.20331989589211721,0.23403074839885454,0.24729469944908258,0.15997559639302888,7.18418370049188,2.75,0.005239743275940567,0.00950967363352384,-0.0008161686284203773,0.01667350461469308,0.050013974387452365,0.037379239683650756,0.007636754882305752
2018-11-01,0.19154809543919518,0.14613843182904507,0.21719104513657206,0.2064364933860059,0.16213743241099707,0.18280766103823312,0.19915752970914305,0.1750721562785182,0.20262390560485044,0.23089437943941152,0.22706382877027387,0.13996178581529756,6.53294799561028,2.75,0.004072230077408312,0.015301237776106147,-0.0012228827588751656,0.000756859660367315,0.017199017199020616,-0.04831620807455028,-0.19812848684482542
2018-12-01,0.1893227093106724,0.14224565938991393,0.21588493737496386,0.2020345331155588,0.1641925068502282,0.1811741715071032,0.19642104978639563,0.17229483088224867,0.20075189645536975,0.22639527325446202,0.2038256106096387,0.12170014768399035,7.01332655024873,2.75,0.004472887511606016,0.01235960732146757,-0.001814474403806221,0.03679670120992018,0.04115226337448563,-0.005497533256140552,-0.13769039091732105
2019-01-01,0.18377747460814114,0.13651872820148633,0.2104406028288123,0.19702035286805042,0.15755942413861765,0.1731864924328928,0.19296689452169372,0.16143867982316057,0.19875147689567652,0.2209946131510987,0.17766885565597185,0.10355780478993677,6.27744761706453,2.75,0.0021035086702259065,0.03756717024101408,-0.0006528963468509508,-0.011973290352291,0.01795841209830007,0.009185817262808316,0.0466422553236876
2019-02-01,0.17696912191431544,0.1312946778399734,0.20274262585866146,0.19318488305635867,0.1446965442526906,0.16069506018530194,0.1909677853115513,0.1450716317387953,0.1982439331482499,0.2164123196358119,0.15522837635134001,0.08542930576132497,6.48504231617692,2.75,0.004563259552434751,0.014017795827178547,-0.001266009725473416,-0.04094616639477988,-0.005944542922260099,0.04841144797626051,0.07390883461838893
2019-03-01,0.1722533200594958,0.12675070621332712,0.19791609259216258,0.18977417178119446,0.13726320288500662,0.1513832205632149,0.19012969658740353,0.13209041799387275,0.19895172863110086,0.21263284396659726,0.1349106112627191,0.06775203918761473,6.09834066538653,2.75,0.0031082679766720744,-0.002576912132039033,-0.007222971697294245,-0.014814634818038241,-0.02083464116567968,-0.030824262791241952,0.057567900400621985
2019-04-01,0.16836987084845176,0.12255523977540006,0.19418576840802051,0.18636349848258646,0.13231278298519789,0.14350869842285113,0.18960522532243765,0.12027902219072173,0.20026774013114618,0.2090508307665987,0.11604082170292315,0.05057511171196788,7.04134799333517,2.75,0.0011170576918098085,0.028387567164888772,-0.0019968101460041687,-0.049927873655569166,-0.017847660246863684,-0.03590122161432918,0.09833149457529178
2019-05-01,0.1649336852593134,0.11855715465404496,0.19103885692809067,0.1828859587397663,0.12881791195763234,0.13654033432621906,0.18913236121897037,0.10908718508318117,0.20191422495183772,0.2054794844216347,0.09813601334614908,0.03388598695285978,6.65356411401381,2.75,-0.0012295888498078389,0.02200030612635251,-0.0014739624546435959,-0.026411624850058768,0.06896800838019024,-0.04065196453147191,-0.049291741225243824
2019-06-01,0.1617020489962735,0.11467359608739244,0.18814490115436566,0.17934058056671007,0.12605496634911445,0.13007467140066303,0.1886052877961244,0.09818116658609388,0.20370708861521805,0.20185661576339747,0.08085453699170886,0.017611325417421157,6.54277392762007,2.75,0.010471727513074569,0.0030700936013769997,0.0008634636304836185,0.07104366174322418,0.1680956510965208,0.04270809596666614,-0.09986288030130552
2019-07-01,0.15849011744716934,0.11087092167157843,0.1852353464089424,0.17575058677388183,0.12342977244659888,0.12375251770310855,0.18798875508427376,0.08733674612775635,0.2054869991790287,0.1981693193281286,0.06398320750944575,0.0017192714343490173,6.54502478868761,2.75,0.0036737955752741414,0.003608317171079234,-0.0020292408415014673,-0.07890948217072924,0.011487425352948,0.0065733298575272325,0.04893516741606363
2019-08-01,0.15523795106441854,0.10716940021708656,0.1822059630475022,0.17217622423854198,0.12064874117929605,0.11741440347252396,0.18730871173644048,0.076524142436049,0.20717352275011464,0.19446360074379906,0.04744401282588746,-0.013810596952959832,6.44661220292634,2.5,0.007826441729376521,0.022710589786226754,-0.0006094011403842137,-0.07185377965240036,-0.12721648108602646,0.016692912719773467,-0.04406364960041498
2019-09-01,0.15196599395669938,0.1035738075337286,0.1790861619402698,0.16866791846493404,0.11767693342319394,0.11104733923897953,0.18661453486735477,0.06582581815033606,0.20874495873396595,0.19079701892612652,0.031189319591052443,-0.029030955711425083,5.9355270360731,2.5,0.008477992674739143,-0.005991006166781387,-6.382591179265873e-05,-0.028875004412436178,-0.04410190153187343,0.01905171962101493,0.03743592599306478
2019-10-01,0.14875701942413944,0.10007371032612601,0.17601098946472124,0.1652535487139235,0.11470833372112609,0.10475746569501497,0.18596897288376943,0.055385262178315776,0.21024243548649363,0.1872041698296921,0.015144226881275306,-0.04402707772488211,6.61778518992192,2.5,0.0038726575993666135,0.001856763925729421,-0.0011060296533825786,0.04063591954522261,0.0668933154568101,0.04244331874293006,-0.05090919419143913
2019-11-01,0.1457143376893969,0.09667081751160064,0.17314041682144732,0.16194200823845534,0.11203458689999965,0.09870619876199076,0.185425651379856,0.04536696390964695,0.21172775988094983,0.18370736278079422,-0.0007033777053536902,-0.05881985311898748,6.06995756585694,2.25,0.006119369650974704,-0.01787132644956313,-0.0010879174718196882,0.07237660894913911,-0.03534401508011409,0.026199911933069586,0.05774329874559414
2019-12-01,0.14288602134589617,0.09337299656934758,0.17054461175431193,0.15872933632840977,0.10980851103399175,0.09297970192569655,0.18500063580065754,0.03586201593204599,0.2132208333810524,0.18031719132875795,-0.01633630878215338,-0.07340396727124979,6.69965546057374,2.25,0.02959163315487623,0.023138787797097438,-0.002140619529698129,0.03252337057424781,0.007788559754850599,0.05720582785590311,0.04903960938199181
